,id,name,symbol,slug,rank,displayTV,is_active,first_historical_data,last_historical_data,platform.id,platform.name,platform.symbol,platform.slug,platform.token_address,platform
0,1403,FirstBlood,1ST,firstblood,,1,0,2016-09-28T14:59:34.000Z,2021-06-14T09:59:07.000Z,1027.0,Ethereum,ETH,ethereum,0xaf30d2a7e90d7dc361c8c4585e9bb7d2f6f15bc7,
1,3179,Arbidex,ABX,arbidex,2455.0,1,1,2018-08-16T17:54:42.000Z,2022-10-28T09:59:00.000Z,1027.0,Ethereum,ETH,ethereum,0x9a794dc1939f1d78fa48613b89b8f9d0a20da00e,
2,1918,Achain,ACT,achain,1207.0,1,1,2017-08-27T19:45:10.000Z,2022-10-28T09:59:00.000Z,,,,,,
3,11706,Acet,ACT,acet,4080.0,1,1,2021-09-07T01:03:21.000Z,2022-10-28T09:58:00.000Z,1839.0,BNB,BNB,bnb,0x9f3bcbe48e8b754f331dfc694a894e8e686ac31d,
4,2501,adbank,ADB,adbank,1732.0,1,1,2018-02-03T19:04:29.000Z,2022-10-28T09:59:00.000Z,1027.0,Ethereum,ETH,ethereum,0x2baac9330cf9ac479d819195794d79ad0c7616e3,
5,2646,AdHive,ADH,adhive,,1,0,2018-04-17T20:49:25.000Z,2020-10-23T03:14:00.000Z,1027.0,Ethereum,ETH,ethereum,0xe69a353b3152dd7b706ff7dd40fe1d18b7802d31,
6,2660,Aditus,ADI,aditus,2281.0,1,1,2018-04-23T23:14:24.000Z,2022-10-28T09:59:00.000Z,1839.0,BNB,BNB,bnb,ADI-6BB,
7,1725,Adelphoi,ADL,adelphoi,,1,0,2017-06-16T19:59:59.000Z,2022-06-09T18:19:00.000Z,1027.0,Ethereum,ETH,ethereum,0x660e71483785f66133548B10f6926dC332b06e61,
8,17369,Dot Arcade,ADT,dot-arcade,7782.0,1,1,2022-01-19T08:25:00.000Z,2022-10-28T09:55:00.000Z,1839.0,BNB,BNB,bnb,0xc008debbb1f33d9453ffd2104feb1fe7e9663524,
9,1583,The Aladin,ADT,the-aladin,,1,0,2017-03-21T16:44:50.000Z,2017-08-05T01:09:57.000Z,,,,,,
10,1775,adToken,ADT,adtoken,,1,0,2017-07-02T03:54:14.000Z,2021-10-11T09:44:08.000Z,1027.0,Ethereum,ETH,ethereum,0xd0d6d6c5fe4a677d343cc433536bb717bae167dd,
11,20498,Adsense Token,ADT,adsense-token,,1,0,2022-06-07T17:15:00.000Z,2022-09-13T18:20:00.000Z,1839.0,BNB,BNB,bnb,0x369c092ce00e52d4fd9eedca51b737cb1b1d96f7,
12,1768,Ambire AdEx,ADX,adx-net,525.0,1,1,2017-07-01T19:54:14.000Z,2022-10-28T09:59:00.000Z,1027.0,Ethereum,ETH,ethereum,0xade00c28244d5ce17d72e40330b1c318cd12b7c3,
13,14015,Cardanomics,ADX,cardanomics,,1,0,2021-11-08T03:09:08.000Z,2021-11-28T18:19:10.000Z,1839.0,BNB,BNB,bnb,0x9068bbcdd5a9e9f545539ce9953778967e18d5a4,
14,1700,Ã†ternity,AE,aeternity,459.0,1,1,2017-06-01T16:39:55.000Z,2022-10-28T09:59:00.000Z,,,,,,
15,2462,AidCoin,AID,aidcoin,2005.0,1,1,2018-01-24T21:09:27.000Z,2022-10-28T09:59:00.000Z,1027.0,Ethereum,ETH,ethereum,0x37e8789bb9996cac9156cd5f5fd32599e6b91289,
16,574,AidBit,AID,aidbit,,1,0,2014-08-30T22:24:22.000Z,2015-03-29T19:49:18.000Z,,,,,,
17,12209,Altair,AIR,altair,4534.0,1,1,2022-02-10T07:50:00.000Z,2022-10-28T09:55:00.000Z,,,,,,
18,18626,Ape In Records,AIR,ape-in-records,7278.0,1,1,2022-03-08T06:29:00.000Z,2022-10-28T09:59:00.000Z,1027.0,Ethereum,ETH,ethereum,0xF725f73CAEe250AE384ec38bB2C77C38ef2CcCeA,
19,10715,AirCoin,AIR,air,7820.0,1,1,2021-06-30T08:44:07.000Z,2022-10-28T09:59:00.000Z,1839.0,BNB,BNB,bnb,0xd8a2ae43fd061d24acd538e3866ffc2c05151b53,
20,2037,AirToken,AIR,airtoken,,1,0,2017-10-11T01:29:21.000Z,2019-02-08T18:29:03.000Z,1027.0,Ethereum,ETH,ethereum,0x27dce1ec4d3f72c3e457cc50354f1f975ddef488,
21,15955,AirDropper,AIR,airdropper,,1,0,2021-12-13T05:30:13.000Z,2022-03-31T18:20:00.000Z,1839.0,BNB,BNB,bnb,0xA39C843CcFDB3Ede58a09efB5564e34C43099480,
22,2367,Aigang,AIX,aigang,2429.0,1,1,2018-01-11T16:34:19.000Z,2022-10-28T09:59:00.000Z,1027.0,Ethereum,ETH,ethereum,0x1063ce524265d5a3a624f4914acd573dd89ce988,
23,2040,ALIS,ALIS,alis,,1,0,2017-10-12T16:49:24.000Z,2020-02-22T02:59:04.000Z,1027.0,Ethereum,ETH,ethereum,0xEA610B1153477720748DC13ED378003941d84fAB,
24,2081,AirDAO,AMB,airdao,653.0,1,1,2017-10-23T17:39:25.000Z,2022-10-28T09:59:00.000Z,,,,,,
25,19556,Apple,AMB,apple-binemon,6688.0,1,1,2022-04-15T05:20:00.000Z,2022-10-28T09:55:00.000Z,1839.0,BNB,BNB,bnb,0x95977A9DaA14A00258f89a14F75B6E35d5B730d4,
26,4601,AMCBLUE,AMB,amcblue,,1,0,,,1027.0,Ethereum,ETH,ethereum,0xd6c7576b735def0d8ea12d6a21332d8c37fc0fbb,
27,2286,MicroMoney,AMM,micromoney,2266.0,1,1,2017-12-18T01:34:58.000Z,2022-10-28T09:59:00.000Z,1027.0,Ethereum,ETH,ethereum,0x8b1f49491477e0fb46a29fef53f1ea320d13c349,
28,6945,Amp,AMP,amp,137.0,1,1,2020-09-11T04:34:18.000Z,2022-10-28T09:59:00.000Z,1027.0,Ethereum,ETH,ethereum,0xff20817765cb7f73d4bde2e66e067e58d11095c2,
29,1125,HyperSpace,AMP,synereo,,1,0,2015-12-04T12:49:30.000Z,2020-01-08T02:09:01.000Z,,,,,,
30,1680,Aragon,ANT,aragon,284.0,1,1,2017-05-18T21:29:54.000Z,2022-10-28T09:59:00.000Z,1027.0,Ethereum,ETH,ethereum,0xa117000000f279d81a1d3cc75430faa017fa5a2e,
31,16473,AnonToken,ANT,anontoken,,1,0,2021-12-27T04:06:03.000Z,2022-02-09T18:21:00.000Z,1839.0,BNB,BNB,bnb,0xD283cE7Acd177f7cf6caBB7ce5B11fDA3605659e,
32,2344,AppCoins,APPC,appcoins,1547.0,1,1,2018-01-08T15:44:18.000Z,2022-10-28T09:59:00.000Z,,,,,,
33,2064,Maecenas,ART,maecenas,2230.0,1,1,2017-10-18T17:24:25.000Z,2022-10-28T09:59:00.000Z,1027.0,Ethereum,ETH,ethereum,0xfec0cf7fe078a500abf15f1284958f22049c2c7e,
34,11929,Around Network,ART,around-network,,1,0,2021-09-16T19:39:07.000Z,2022-08-02T18:24:00.000Z,1839.0,BNB,BNB,bnb,0xe6F3A0Cd28d9add9077E80b8e05cbE01B7532EC7,
35,14260,ArtOnline,ART,artonline,,1,0,2021-11-11T01:27:00.000Z,2021-11-19T18:07:11.000Z,1839.0,BNB,BNB,bnb,0x535e67270f4FEb15BFFbFE86FEE308b81799a7a5,
36,18778,Aiko ART,ART,aiko-art,,1,0,,,5426.0,Solana,SOL,solana,63cL4hHbkRStqMvhAudXkPsydRASp3yr7iPQemqmAcD2,
37,2445,Block Array,ARY,block-array,,1,0,2018-01-23T06:29:26.000Z,2020-02-01T02:59:08.000Z,1027.0,Ethereum,ETH,ethereum,0xa5f8fc0921880cb7342368bd128eb8050442b1a1,
38,2058,AirSwap,AST,airswap,536.0,1,1,2017-10-17T16:54:24.000Z,2022-10-28T09:59:00.000Z,1027.0,Ethereum,ETH,ethereum,0x27054b13b1b798b345b591a4d22e6562d47ea75a,
39,5827,AntiscamToken,AST,antiscamtoken,,1,0,2020-08-24T22:19:18.000Z,2022-08-16T18:19:00.000Z,1027.0,Ethereum,ETH,ethereum,0xa872e0a44bbd66c1486a756cb5bd3f0beec4e32e,
40,11155,AST.finance,AST,ast-finance,,1,0,2021-09-25T19:36:17.000Z,2022-01-30T05:06:00.000Z,8267.0,OKC Token,OKT,okt,0x493d8CBd9533E57D4BEfb17cc2eC1dB76828261d,
41,1970,ATBCoin,ATB,atbcoin,2326.0,1,1,2017-09-19T04:34:55.000Z,2022-10-28T09:59:00.000Z,,,,,,
42,2136,ATLANT,ATL,atlant,1602.0,1,1,2017-11-01T21:04:27.000Z,2022-10-28T09:59:00.000Z,1027.0,Ethereum,ETH,ethereum,0x78b7fada55a64dd895d8c8c35779dd8b67fa8a05,
43,13121,Atlantis Loans,ATL,atlantis-loans,6296.0,1,1,2021-10-25T02:45:30.000Z,2022-10-28T09:55:00.000Z,1839.0,BNB,BNB,bnb,0x1fd991fb6c3102873ba68a4e6e6a87b3a5c10271,
44,1948,Aventus,AVT,aventus,763.0,1,1,2017-09-06T16:40:14.000Z,2022-10-28T09:59:00.000Z,1027.0,Ethereum,ETH,ethereum,0x0d88ed6e74bbfd96b831231638b66c05571e824f,
45,13691,Artverse Token,AVT,artverse-token,8550.0,1,1,2021-11-01T12:42:05.000Z,2022-10-28T09:57:00.000Z,1027.0,Ethereum,ETH,ethereum,0x845576c64f9754cf09d87e45b720e82f3eef522c,
46,2466,Moola,AXPR,axpr-token,1970.0,1,1,2018-01-25T03:39:28.000Z,2022-10-28T09:59:00.000Z,1027.0,Ethereum,ETH,ethereum,0xdD0020B1D5Ba47A54E2EB16800D73Beb6546f91A,
47,2592,Banca,BANCA,banca,1930.0,1,1,2018-03-19T14:29:21.000Z,2022-10-28T09:59:00.000Z,1027.0,Ethereum,ETH,ethereum,0x998b3b82bc9dba173990be7afb772788b5acb8bd,
48,1697,Basic Attention Token,BAT,basic-attention-token,85.0,1,1,2017-06-01T05:14:54.000Z,2022-10-28T09:59:00.000Z,1027.0,Ethereum,ETH,ethereum,0x0d8775f648430679a709e98d2b0cb6250d2887ef,
49,10028,Bat Finance,BAT,bat-finance,,1,0,2021-06-03T19:48:12.000Z,2021-10-11T09:53:09.000Z,1839.0,BNB,BNB,bnb,0xe76804b43f17fc41f226d63fd2a676df409d4678,
50,22421,BULL BTC CLUB,BBC,bull-btc-club,2650.0,1,1,2022-10-27T06:40:00.000Z,2022-10-28T09:55:00.000Z,1839.0,BNB,BNB,bnb,0x37e5da11b6A4DC6d2f7Abe232cDd30B0B8Fc63B1,
51,5644,Blue Baikal,BBC,blue-baikal,5391.0,1,1,2020-05-28T23:39:05.000Z,2022-10-28T09:59:00.000Z,4256.0,Klaytn,KLAY,klaytn,0x321bc0b63efb1e4af08ec6d20c85d5e94ddaaa18,
52,2084,BigBoobsCoin,BBC,bigboobscoin,,1,0,2017-10-23T19:19:25.000Z,2017-11-22T13:59:42.000Z,,,,,,
53,2678,TraDove B2BCoin,BBC,b2bcoin,,1,0,2018-04-30T22:14:25.000Z,2021-06-14T09:59:11.000Z,1027.0,Ethereum,ETH,ethereum,0xe7D3e4413E29ae35B0893140F4500965c74365e5,
54,5432,BigBang Core,BBC,bigbang-core,,1,0,2020-05-25T21:04:16.000Z,2022-06-09T18:19:00.000Z,,,,,,
55,17409,Bitback,BBC,bitback,,1,0,,,1839.0,BNB,BNB,bnb,0xA492312FC998203AED367F54Db6f5d6f619010Ce,
56,1668,BCAP,BCAP,bcap,,1,0,2017-05-11T21:09:52.000Z,2018-02-10T10:49:10.000Z,,,,,,
57,301,BadgerCoin,BDG,badgercoin,,1,0,2014-05-06T12:18:04.000Z,2014-08-05T15:44:15.000Z,,,,,,
58,2374,BitDegree,BDG,bitdegree,,1,0,2018-01-12T19:14:19.000Z,2021-11-03T06:49:05.000Z,1027.0,Ethereum,ETH,ethereum,0x1961b3331969ed52770751fc718ef530838b6dee,
59,2628,Rentberry,BERRY,rentberry,2116.0,1,1,2018-04-07T00:19:21.000Z,2022-10-28T09:59:00.000Z,1027.0,Ethereum,ETH,ethereum,0x6aeb95f06cda84ca345c2de0f3b7f96923a44f4c,
60,6257,Berry,BERRY,berry,2725.0,1,1,2020-12-14T12:35:00.000Z,2022-10-28T09:55:00.000Z,,,,,,
61,9055,BerrySwap,BERRY,berryswap,8196.0,1,1,2021-04-01T04:42:09.000Z,2022-10-28T09:57:00.000Z,1839.0,BNB,BNB,bnb,0x8626f099434d9a7e603b8f0273880209eabfc1c5,
62,22393,Betaverse,BET,betaverse,5132.0,1,1,2022-10-26T08:40:00.000Z,2022-10-28T09:55:00.000Z,1839.0,BNB,BNB,bnb,0xb04B8e2A10ce3147982242a8122CF3b61e2dFE7B,
63,21869,BETCOIN,BET,betcoin,5650.0,1,1,2022-09-20T05:30:00.000Z,2022-10-28T09:55:00.000Z,1839.0,BNB,BNB,bnb,0xf5E1c367D2E41b9143937aD17Da6D53aBBBC306B,
64,5487,EarnBet,BET,earnbet,8023.0,1,1,2020-04-21T22:14:03.000Z,2022-10-28T09:59:00.000Z,1765.0,EOS,EOS,eos,BET-wax-betdividends,
65,70,BetaCoin,BET,betacoin,,1,0,2013-12-15T01:52:14.000Z,2019-10-26T02:59:03.000Z,,,,,,
66,1771,DAOBet,BET,daobet,,1,0,2017-07-02T00:39:15.000Z,2021-10-11T09:44:08.000Z,,,,,,
67,14710,Better,BET,better,,1,0,2022-09-21T16:35:00.000Z,2022-10-08T10:20:00.000Z,1839.0,BNB,BNB,bnb,0x028a52032a7075a42585c037f069c62b49ebaa3d,
68,16082,BET TOKEN,BET,bet-token,,1,0,2021-12-15T09:56:00.000Z,2022-04-02T18:21:00.000Z,1839.0,BNB,BNB,bnb,0x829bAEa0a3869044c6c846b860010611f4D32f08,
69,2390,BANKEX,BKX,bankex,,1,0,2018-01-13T23:34:18.000Z,2020-07-09T02:19:11.000Z,1027.0,Ethereum,ETH,ethereum,0x45245bc59219eeaaf6cd3f382e078a461ff9de7b,
70,2340,Bloom,BLT,bloomtoken,1229.0,1,1,2018-01-15T00:19:18.000Z,2022-10-28T09:59:00.000Z,1027.0,Ethereum,ETH,ethereum,0x107c4504cd79c5d2696ea0030a8dd4e92601b82e,
71,12182,Blocto Token,BLT,blocto,3979.0,1,1,2021-09-29T10:06:09.000Z,2022-10-28T09:56:00.000Z,1839.0,BNB,BNB,bnb,0x02Bdf640fba368E7Ba5c6429cCaF251512273865,
72,20977,Bullet App,BLT,bullet-app,5261.0,1,1,2022-07-13T17:47:00.000Z,2022-10-28T09:57:00.000Z,1839.0,BNB,BNB,bnb,0x13c944ef30a2b9b1e4d5cfcec65411278b7b7524,
73,18669,BLASTER TOKEN,BLT,blaster-token,9043.0,1,1,2022-03-09T13:44:00.000Z,2022-10-28T09:59:00.000Z,1839.0,BNB,BNB,bnb,0x316b15d571977c0a120730e5df0efb9681176052,
74,2463,Bitcoin Lightning,BLT,bitcoin-lightning,,1,0,2018-01-24T21:09:27.000Z,2018-02-22T17:09:20.000Z,,,,,,
75,5708,Billetcoin,BLT,billetcoin,,1,0,,,,,,,,
76,2505,Bluzelle,BLZ,bluzelle,509.0,1,1,2018-02-06T18:34:30.000Z,2022-10-28T09:59:00.000Z,1027.0,Ethereum,ETH,ethereum,0x5732046a883704404f284ce41ffadd5b007fd668,
77,415,BlazeCoin,BLZ,blazecoin,,1,0,2014-06-28T16:38:04.000Z,2019-02-06T23:59:00.000Z,,,,,,
78,1976,Blackmoon,BMC,blackmoon,,1,0,2017-09-20T23:09:57.000Z,2021-11-03T06:49:09.000Z,1027.0,Ethereum,ETH,ethereum,0xdf6ef343350780bf8c3410bf062e0c015b1dd671,
79,1727,Bancor,BNT,bancor,243.0,1,1,2017-06-18T15:15:00.000Z,2022-10-28T09:59:00.000Z,1027.0,Ethereum,ETH,ethereum,0x1f573d6fb3f13d689ff844b4ce37794d79a7ff1c,
80,1138,Bantam,BNT,bantam,,1,0,2016-01-01T00:24:30.000Z,2016-12-13T04:59:51.000Z,,,,,,
81,2310,Bounty0x,BNTY,bounty0x,1905.0,1,1,2017-12-26T19:49:17.000Z,2022-10-28T09:59:00.000Z,1027.0,Ethereum,ETH,ethereum,0xd2d6158683aee4cc838067727209a0aaf4359de3,
82,19468,Bounty,BNTY,bounty,7858.0,1,1,2022-04-11T11:37:00.000Z,2022-10-28T09:57:00.000Z,5426.0,Solana,SOL,solana,BNTY5DaMP9CZhEtmQfMLHfUwwkXropHuCz4m96YqpqKm,
83,2095,BOScoin,BOS,boscoin,,1,0,2017-10-26T01:49:24.000Z,2021-10-11T09:44:03.000Z,,,,,,
84,3392,Bostoken,BOS,bostoken,,1,0,,,1027.0,Ethereum,ETH,ethereum,0x3c0cac8290e2a6241814f812259278bea9050838,
85,4629,BOSCore,BOS,boscore,,1,0,2020-06-23T21:49:16.000Z,2022-02-22T18:19:00.000Z,1765.0,EOS,EOS,eos,BOS-eos-eosio.token,
86,2167,Blockpool,BPL,blockpool,,1,0,2017-11-09T22:34:30.000Z,2019-02-01T23:59:06.000Z,,,,,,
87,2306,Bread,BRD,bread,1595.0,1,1,2017-12-24T20:09:52.000Z,2022-10-28T09:59:00.000Z,1027.0,Ethereum,ETH,ethereum,0x558ec3152e2eb2174905cd19aea4e34a23de9ad6,
88,2444,CRYPTO20,C20,c20,1330.0,1,1,2018-01-22T17:39:27.000Z,2022-10-28T09:59:00.000Z,1027.0,Ethereum,ETH,ethereum,0x26e75307fc0c021472feb8f727839531f112f317,
89,2060,Change,CAG,change,,1,0,2017-10-17T20:54:24.000Z,2021-02-15T10:14:02.000Z,1027.0,Ethereum,ETH,ethereum,0x7d4b8cce0591c9044a22ee543533b72e976e36c3,
90,8537,Channels,CAN,channels,3444.0,1,1,2021-02-22T07:25:00.000Z,2022-10-28T09:55:00.000Z,1839.0,BNB,BNB,bnb,0xdE9a73272BC2F28189CE3c243e36FaFDA2485212,
91,2343,CanYaCoin,CAN,canyacoin,7931.0,1,1,2018-01-08T17:24:18.000Z,2022-10-28T09:59:00.000Z,1839.0,BNB,BNB,bnb,CAN-677,
92,2358,Content and AD Network,CAN,content-and-ad-network,,1,0,2018-01-10T18:29:19.000Z,2020-09-01T23:59:04.000Z,1027.0,Ethereum,ETH,ethereum,0x5f3789907b35DCe5605b00C0bE0a7eCDBFa8A841,
93,7258,Coinwaycoin,CAN,coinwaycoin,,1,0,2020-12-22T21:25:00.000Z,2021-08-07T01:30:00.000Z,1027.0,Ethereum,ETH,ethereum,0x917FD2f7378FF479419dCB56C5cbB445fBbF902A,
94,8250,Cannon,CAN,cannon,,1,0,2021-01-13T02:30:00.000Z,2021-01-15T10:35:03.000Z,,,,,,
95,2529,Cashaa,CAS,cashaa,853.0,1,1,2018-02-15T23:54:21.000Z,2022-10-28T09:59:00.000Z,1839.0,BNB,BNB,bnb,0x780207b8c0fdc32cf60e957415bfa1f2d4d9718c,
96,6649,Cat Token,CAT,cat-token,1477.0,1,1,2020-09-24T20:40:00.000Z,2022-10-28T09:55:00.000Z,1027.0,Ethereum,ETH,ethereum,0x56015bbe3c01fe05bc30a8a9a9fd9a88917e7db3,
97,15953,CAT,CAT,cat,6779.0,1,1,2021-12-13T04:45:07.000Z,2022-10-28T09:55:00.000Z,5805.0,Avalanche,AVAX,avalanche,0x094BFaC9894d2A2A35771D0BD6d2447689190F32,
98,1882,BlockCAT,CAT,blockcat,,1,0,2017-08-13T02:34:26.000Z,2020-10-23T03:14:00.000Z,1027.0,Ethereum,ETH,ethereum,0x56ba2Ee7890461f463F7be02aAC3099f6d5811A8,
99,2334,BitClave,CAT,bitclave,,1,0,2018-01-02T22:14:18.000Z,2020-10-23T03:14:00.000Z,1027.0,Ethereum,ETH,ethereum,0x1234567461d3f8db7496581774bd869c83d51c93,
100,15335,Capital Aggregator Token,CAT,capital-aggregator-token,,1,0,2021-11-30T04:33:00.000Z,2022-03-30T16:38:00.000Z,1027.0,Ethereum,ETH,ethereum,0x3734dc0d241b5ad886fa6bff45ffa67252ac0e89,
101,16241,SlavCat,CAT,slavcat,,1,0,,,1839.0,BNB,BNB,bnb,0x22936E12c8d409b4282588F0FE4AB5eDE5c02DeA,
102,9342,Community Business Token,CBT,community-business-token,4461.0,1,1,2021-04-20T04:00:03.000Z,2022-10-28T09:55:00.000Z,1027.0,Ethereum,ETH,ethereum,0xfA93660C3f6a848556Bb8E265f994160A1F2B289,
103,18659,CyBloc Battery Token,CBT,cybloc-battery-token,6943.0,1,1,2022-03-09T07:25:00.000Z,2022-10-28T09:55:00.000Z,1839.0,BNB,BNB,bnb,0x7c73967dC8c804Ea028247f5A953052f0CD5Fd58,
104,14479,CryptoBlast,CBT,cryptoblast,8641.0,1,1,2021-11-15T04:36:04.000Z,2022-10-28T09:56:00.000Z,1839.0,BNB,BNB,bnb,0x0853eabe53157d911e0137a9ef987874289ae9d0,
105,2650,CommerceBlock,CBT,commerceblock,,1,0,2018-04-17T20:59:24.000Z,2020-12-23T03:39:06.000Z,1027.0,Ethereum,ETH,ethereum,0x076C97e1c869072eE22f8c91978C99B4bcB02591,
106,6400,Crebit,CBT,crebit,,1,0,,,1027.0,Ethereum,ETH,ethereum,0xCA8785Ee38A87578bAA7d6B290efC694508D81D9,
107,17204,Crypto Bank,CBT,crypto-bank,,1,0,2022-01-12T17:50:00.000Z,2022-05-25T18:20:00.000Z,1839.0,BNB,BNB,bnb,0xd7314a3b4c80e95125c56a3e7eb2d9f87e9e35b6,
108,18408,CryptoBattles,CBT,cryptobattles,,1,0,2022-02-28T04:38:00.000Z,2022-08-02T10:58:00.000Z,1839.0,BNB,BNB,bnb,0xd9150910de9A4df5D734f4d9B5ebe82BCCe9095a,
109,14489,CheckDot,CDT,checkdot,1723.0,1,1,2021-11-15T05:36:04.000Z,2022-10-28T09:56:00.000Z,1839.0,BNB,BNB,bnb,0x0cBD6fAdcF8096cC9A43d90B45F65826102e3eCE,
110,1864,Blox,CDT,blox,,1,0,2017-08-07T03:14:42.000Z,2021-10-22T06:14:08.000Z,1027.0,Ethereum,ETH,ethereum,0x177d39ac676ed1c67a2b268ad7f1e58826e5b0af,
111,7699,CyberFi Token,CFi,cyberfi,1613.0,1,1,2020-11-17T05:20:00.000Z,2022-10-28T09:55:00.000Z,1027.0,Ethereum,ETH,ethereum,0x63b4f3e3fa4e438698ce330e365e831f7ccd1ef4,
112,1729,Cofound.it,CFI,cofound-it,,1,0,2017-06-19T20:34:57.000Z,2019-03-07T23:59:02.000Z,1027.0,Ethereum,ETH,ethereum,0x12fef5e57bf45873cd9b62e9dbd7bfb99e32d73e,
113,2499,SwissBorg,CHSB,swissborg,140.0,1,1,2018-02-03T19:04:30.000Z,2022-10-28T09:59:00.000Z,1027.0,Ethereum,ETH,ethereum,0xba9d4199fab4f26efe3551d490e3821486f135ba,
114,2246,CyberMiles,CMT,cybermiles,1360.0,1,1,2017-12-06T03:19:47.000Z,2022-10-28T09:59:00.000Z,,,,,,
115,1291,Comet,CMT,comet,2579.0,1,1,2016-06-26T19:39:29.000Z,2022-10-28T09:59:00.000Z,,,,,,
116,2043,Cindicator,CND,cindicator,1401.0,1,1,2017-10-13T03:59:38.000Z,2022-10-28T09:59:00.000Z,1027.0,Ethereum,ETH,ethereum,0xd4c435f5b09f855c3317c8524cb1f586e42795fa,
117,690,CannabisDarkcoin,CND,cannabisdarkcoin,,1,0,2014-10-24T12:20:24.000Z,2015-05-28T00:14:31.000Z,,,,,,
118,5569,Cannadrix,CND,cannadrix,,1,0,2020-06-22T01:59:21.000Z,2021-01-27T06:44:05.000Z,1027.0,Ethereum,ETH,ethereum,0x91E84EC6101547C1FA39Dd565dd8b020E3c20CF2,
119,2006,Cobinhood,COB,cobinhood,2167.0,1,1,2017-10-01T00:24:24.000Z,2022-10-28T09:59:00.000Z,1027.0,Ethereum,ETH,ethereum,0xb2f7eb1f2c37645be61d73953035360e768d81e6,
120,20861,Cards of BSC,COB,cards-of-bsc,9261.0,1,1,2022-07-04T10:11:00.000Z,2022-10-28T09:56:00.000Z,1839.0,BNB,BNB,bnb,0x4312b655c6de6ea86b8159d16fcadf5b937a6721,
121,7808,Cobwebfinance,COB,cobwebfinance,,1,0,,,1027.0,Ethereum,ETH,ethereum,0x93B5CdC9513fB62F139A34dDD6C9a31E4317a236,
122,7398,Coreto,COR,coreto,1822.0,1,1,2021-02-11T01:45:00.000Z,2022-10-28T09:55:00.000Z,1027.0,Ethereum,ETH,ethereum,0x9C2dc0c3CC2BADdE84B0025Cf4df1c5aF288D835,
123,13064,CorgiNFTGame,COR,corginftgame,8504.0,1,1,2021-10-24T00:09:27.000Z,2022-10-28T09:59:00.000Z,1839.0,BNB,BNB,bnb,0x3581a7b7be2ed2edf98710910fd05b0e8545f1db,
124,2342,Covesting,COV,covesting,1033.0,1,1,2018-01-23T06:29:25.000Z,2022-10-28T09:59:00.000Z,1027.0,Ethereum,ETH,ethereum,0xada86b1b313d1d5267e3fc0bb303f0a2b66d0ea7,
125,896,Coven,COV,coven,,1,0,2015-04-21T12:14:28.000Z,2016-03-19T16:39:19.000Z,,,,,,
126,5355,Chainpay,CPAY,chainpay,8015.0,1,1,2020-03-23T02:39:15.000Z,2022-10-28T09:59:00.000Z,1958.0,TRON,TRX,tron,TFyfB5ggmPwVDs8kU2X9vPY7idzaNpaVno,
127,2314,Cryptopay,CPAY,cryptopay,,1,0,2017-12-28T06:54:17.000Z,2021-11-03T06:44:04.000Z,1027.0,Ethereum,ETH,ethereum,0x0ebb614204e47c09b6c3feb9aaecad8ee060e23e,
128,1963,Credo,CREDO,credo,,1,0,2017-09-13T03:19:59.000Z,2021-01-07T16:44:09.000Z,1027.0,Ethereum,ETH,ethereum,0x4e0603e2a27a30480e5e3a4fe548e29ef12f64be,
129,2447,Crypterium,CRPT,crpt,793.0,1,1,2018-01-22T23:24:27.000Z,2022-10-28T09:59:00.000Z,1027.0,Ethereum,ETH,ethereum,0x08389495D7456E1951ddF7c3a1314A4bfb646d8B,
130,1990,BitDice,CSNO,bitdice,,1,0,2017-09-25T20:49:35.000Z,2020-02-01T02:59:07.000Z,1027.0,Ethereum,ETH,ethereum,0x29d75277ac7f0335b2165d0895e8725cbf658d73,
131,10391,Creator Platform,CTR,creator-platform,4741.0,1,1,2021-09-08T16:48:03.000Z,2022-10-28T09:58:00.000Z,1027.0,Ethereum,ETH,ethereum,0x923b83c26B3809d960fF80332Ed00aA46D7Ed375,
132,1867,Centra,CTR,centra,,1,0,2017-08-08T21:54:24.000Z,2018-06-02T14:09:21.000Z,,,,,,
133,21458,Concentrator Token,CTR,concentrator-token,,1,0,,,1027.0,Ethereum,ETH,ethereum,0xb3Ad645dB386D7F6D753B2b9C3F4B853DA6890B8(Ethereum),
134,10368,Cryptex Finance,CTX,cryptex-finance,714.0,1,1,2021-06-09T20:03:03.000Z,2022-10-28T09:58:00.000Z,1027.0,Ethereum,ETH,ethereum,0x321c2fe4446c7c963dc41dd58879af648838f98d,
135,18723,C2X,CTX,c2x,5028.0,1,1,2022-03-21T14:25:00.000Z,2022-10-28T09:55:00.000Z,,,,,,
136,2152,CarTaxi Token,CTX,cartaxi-token,,1,0,2017-11-07T23:04:29.000Z,2019-02-08T18:29:04.000Z,1027.0,Ethereum,ETH,ethereum,0x662aBcAd0b7f345AB7FfB1b1fbb9Df7894f18e66,
137,3700,Centauri,CTX,centauri,,1,0,2019-01-16T23:54:37.000Z,2020-07-09T02:19:22.000Z,,,,,,
138,1816,Civic,CVC,civic,174.0,1,1,2017-07-17T17:39:17.000Z,2022-10-28T09:59:00.000Z,1027.0,Ethereum,ETH,ethereum,0x41e5560054824ea6b0732e656e3ad64e20e94e45,
139,12492,CoviCoin,CVC,covicoin,8450.0,1,1,2021-10-08T08:48:04.000Z,2022-10-28T09:58:00.000Z,1839.0,BNB,BNB,bnb,0xc6f0a9b75fa529dcc0f90459e30684e7ed9a9ea6,
140,18362,Covid Cutter,CVC,covid-cutter,9018.0,1,1,2022-02-24T16:36:00.000Z,2022-10-28T09:56:00.000Z,1839.0,BNB,BNB,bnb,0x168b616a1b08bc1F016Bb9a680e5fa9b05e00b78,
141,19832,CoinViewCap,CVC,coinviewcap,,1,0,2022-04-28T00:11:00.000Z,2022-10-10T18:21:00.000Z,1027.0,Ethereum,ETH,ethereum,0x22b59a7387f7d25fe2b1c692ee825e1802e6e3d5,
142,2283,Datum,DAT,datum,,1,0,2017-12-15T20:15:10.000Z,2021-12-09T04:04:05.000Z,1027.0,Ethereum,ETH,ethereum,0x81c9151de0c8bafcd325a57e3db5a5df1cebf79c,
143,6779,Dat Protocol,DAT,datprotocol,,1,0,,,,,,,,
144,1985,Chronologic,DAY,chronologic,2355.0,1,1,2017-09-25T17:14:31.000Z,2022-10-28T09:59:00.000Z,1027.0,Ethereum,ETH,ethereum,0xE814aeE960a85208C3dB542C53E7D4a6C8D5f60F,
145,6415,DAY,DAY,day,,1,0,,,1027.0,Ethereum,ETH,ethereum,0xe26668cc7ce5239304b5af8f54b4bd57d11084d2,
146,15286,Degree Crypto Token,DCT,degree-crypto-token,3322.0,1,1,2021-11-29T10:00:35.000Z,2022-10-28T09:55:00.000Z,1958.0,TRON,TRX,tron,TUKxxRkFi21d6KnqUi7aNsbA2So91xMDFG,
147,20010,DisciplesDAO,DCT,disciplesdao,9169.0,1,1,2022-05-06T14:08:00.000Z,2022-10-28T09:58:00.000Z,1839.0,BNB,BNB,bnb,0x587f594635ACD348Fc45cCFA5BA79926003785d4,
148,1478,DECENT,DCT,decent,,1,0,2016-12-10T21:39:38.000Z,2021-10-11T09:54:06.000Z,,,,,,
149,14650,Andus Chain,DEB,andus-chain-daon,4430.0,1,1,2021-11-24T09:30:05.000Z,2022-10-28T09:55:00.000Z,,,,,,
150,2584,Debitum,DEB,debitum-network,,1,0,2018-03-13T22:44:20.000Z,2022-10-05T18:19:00.000Z,1027.0,Ethereum,ETH,ethereum,0x151202c9c18e495656f372281f493eb7698961d5,
151,5720,Drivers Earning Benefits,DEB,drivers-earning-benefits,,1,0,,,512.0,Stellar,XLM,stellar,GB6G343Z2IHS3W2V6QGGEM622V5S4UUS7C2NEOZFPYG3DCEB256FAOZA,
152,1229,DigixDAO,DGD,digixdao,906.0,1,1,2016-04-18T16:19:31.000Z,2022-10-28T09:59:00.000Z,1027.0,Ethereum,ETH,ethereum,0xe0b7927c4af23765cb51314a0e0521a9645f0e2a,
153,800,DarkGold,DGD,darkgold,,1,0,2015-01-28T04:49:23.000Z,2015-04-27T20:59:26.000Z,,,,,,
154,2312,DIMCOIN,DIM,dimcoin,,1,0,2017-12-27T05:09:17.000Z,2020-10-23T03:14:00.000Z,,,,,,
155,2229,Divi Exchange Token,DIVX,divi-exchange-token,,1,0,2017-11-27T22:54:40.000Z,2019-02-01T23:59:06.000Z,1027.0,Ethereum,ETH,ethereum,0x13f11c9905a08ca76e3e853be63d4f0944326c72,
156,1949,Agrello,DLT,agrello-delta,2121.0,1,1,2017-09-09T23:35:28.000Z,2022-10-28T09:59:00.000Z,1027.0,Ethereum,ETH,ethereum,0x07e3c70653548B04f0A75970C1F81B4CBbFB606f,
157,5582,DollarLite,DLT,dollarlite,,1,0,,,1027.0,Ethereum,ETH,ethereum,0x656a8685729a22d043735392523E6Ce660428099,
158,14328,DeltaFi.ai,DLT,deltafi-ai,,1,0,,,,,,,,
159,2503,DMarket,DMT,dmarket,1724.0,1,1,2018-02-03T19:59:29.000Z,2022-10-28T09:59:00.000Z,1027.0,Ethereum,ETH,ethereum,0x2ccbff3a042c68716ed2a2cb0c544a9f1d1935e1,
160,17487,DarkMatter,DMT,darkmatter-token,5941.0,1,1,2022-02-28T04:51:00.000Z,2022-10-28T09:56:00.000Z,1027.0,Ethereum,ETH,ethereum,0x5b1D655C93185b06B00f7925791106132Cb3ad75,
161,19687,DragonMaster,DMT,dragonmaster-dmt,6546.0,1,1,2022-04-21T17:32:00.000Z,2022-10-28T09:57:00.000Z,3890.0,Polygon,MATIC,polygon,0x04F177FCacF6fB4d2F95d41d7D3fee8E565cA1d0,
162,9186,Dark Matter,DMT,dark-matter,,1,0,2021-04-09T00:33:17.000Z,2022-08-16T18:19:00.000Z,1027.0,Ethereum,ETH,ethereum,0x79126d32a86e6663f3aaac4527732d0701c1ae6c,
163,11874,Demeter,DMT,demeter,,1,0,2021-09-18T01:36:07.000Z,2022-01-11T00:16:00.000Z,2502.0,Huobi Token,HT,huobi-token,0x57A7BcdfAb1631ACA9d6E0f39959477182CfAe12,
164,5234,Metaverse Dualchain Network Architecture,DNA,metaverse-dualchain-network-architecture,1410.0,1,1,2020-02-15T16:29:04.000Z,2022-10-28T09:59:00.000Z,,,,,,
165,2208,EncrypGen,DNA,encrypgen,6563.0,1,1,2017-11-20T20:39:40.000Z,2022-10-28T09:59:00.000Z,1027.0,Ethereum,ETH,ethereum,0xef6344de1fcfC5F48c30234C16c1389e8CdC572C,
166,19435,DNA(RXC),DNA,rxc-dna,7023.0,1,1,2022-04-10T19:00:00.000Z,2022-10-28T09:55:00.000Z,1839.0,BNB,BNB,bnb,0x444ddc9ab6e938511fdd56f89ec334d38cadee0f,
167,17251,DNA Dollar,DNA,dna-dollar,8916.0,1,1,2022-03-31T16:40:00.000Z,2022-10-28T09:55:00.000Z,3635.0,Cronos,CRO,cronos,0xcc57f84637b441127f2f74905b9d99821b47b20c,
168,1856,district0x,DNT,district0x,618.0,1,1,2017-08-03T22:15:07.000Z,2022-10-28T09:59:00.000Z,1027.0,Ethereum,ETH,ethereum,0x0abdace70d3790235af448c88547603b945604ea,
169,20429,Definder Network,DNT,smartlands-network-new,6627.0,1,1,2022-07-08T17:25:00.000Z,2022-10-28T09:55:00.000Z,1839.0,BNB,BNB,bnb,0x2456493e757fdeedf569781f053998a72adfad03,
170,2675,Dock,DOCK,dock,642.0,1,1,2018-04-25T22:44:27.000Z,2022-10-28T09:59:00.000Z,,,,,,
171,2110,Dovu,DOV,dovu,1119.0,1,1,2017-10-28T00:29:25.000Z,2022-10-28T09:59:00.000Z,1027.0,Ethereum,ETH,ethereum,0xac3211a5025414af2866ff09c23fc18bc97e79b1,
172,2164,DCORP,DRP,dcorp,,1,0,2017-11-09T22:04:29.000Z,2018-06-03T10:14:27.000Z,1027.0,Ethereum,ETH,ethereum,0x621d78f2ef2fd937bfca696cabaf9a779f59b3ed,
173,2070,DomRaider,DRT,domraider,1957.0,1,1,2017-10-19T22:24:24.000Z,2022-10-28T09:59:00.000Z,1027.0,Ethereum,ETH,ethereum,0x9af4f26941677c706cfecf6d3379ff01bb85d5ab,
174,13600,Decentralized Reit,DRT,decentralized-reit,,1,0,2021-11-01T03:15:04.000Z,2022-06-02T18:20:00.000Z,1839.0,BNB,BNB,bnb,0xa44A78E46217e82675F47dBbaa26f5651Bce8D7a,
175,1603,Databits,DTB,databits,,1,0,2017-03-30T21:24:43.000Z,2019-07-15T16:34:01.000Z,,,,,,
176,20083,Dotori,DTR,dotori,2687.0,1,1,2022-05-11T05:27:00.000Z,2022-10-28T09:57:00.000Z,,,,,,
177,2298,Dynamic Trading Rights,DTR,dynamic-trading-rights,,1,0,2017-12-20T20:49:49.000Z,2021-03-02T03:34:04.000Z,1027.0,Ethereum,ETH,ethereum,0xd234bf2410a0009df9c3c63b610c09738f18ccd7,
178,3055,EBCoin,EBC,ebcoin,,1,0,2018-08-03T19:24:24.000Z,2021-06-14T09:59:15.000Z,1027.0,Ethereum,ETH,ethereum,0x31f3d9d1bece0c033ff78fa6da60a6048f3e13c5,
179,1782,Ecobit,ECOB,ecobit,,1,0,2017-07-05T03:59:21.000Z,2020-10-23T03:14:00.000Z,,,,,,
180,2573,Electrify.Asia,ELEC,electrifyasia,1528.0,1,1,2018-03-09T17:59:20.000Z,2022-10-28T09:59:00.000Z,1027.0,Ethereum,ETH,ethereum,0xd49ff13661451313ca1553fd6954bd1d9b6e02b9,
181,1625,Ethereum Movie Venture,EMV,ethereum-movie-venture,,1,0,2017-04-17T19:49:53.000Z,2018-07-18T07:14:09.000Z,1027.0,Ethereum,ETH,ethereum,0xB802b24E0637c2B87D2E8b7784C055BBE921011a,
182,2044,Enigma,ENG,enigma,2066.0,1,1,2017-10-13T01:09:37.000Z,2022-10-28T09:59:00.000Z,1027.0,Ethereum,ETH,ethereum,0xf0ee6b27b759c9893ce4f094b49ad28fd15a23e4,
183,6585,Endless Board Game,ENG,endless-board-game,3245.0,1,1,2020-08-14T00:39:15.000Z,2022-10-28T09:59:00.000Z,1839.0,BNB,BNB,bnb,0x7eefb6aeb8bc2c1ba6be1d4273ec0758a1321272,
184,21523,Eng Crypto,ENG,eng-crypto,6481.0,1,1,2022-08-23T02:40:00.000Z,2022-10-28T09:55:00.000Z,1839.0,BNB,BNB,bnb,0x8a505d5cb3db9fcf404c0a72af3df8be4efb707c,
185,2130,Enjin Coin,ENJ,enjin-coin,83.0,1,1,2017-11-01T05:49:25.000Z,2022-10-28T09:59:00.000Z,1027.0,Ethereum,ETH,ethereum,0xf629cbd94d3791c9250152bd8dfbdf380e2a3b9c,
186,1699,Ethbits,ETBS,ethbits,,1,0,2017-06-01T16:29:55.000Z,2019-10-26T02:59:06.000Z,1027.0,Ethereum,ETH,ethereum,0x1b9743f556d65e757c4c650b4555baf354cb8bd3,
187,12790,Ethos Project,ETHOS,ethos-project,,1,0,2021-10-15T15:40:06.000Z,2022-07-11T18:25:00.000Z,1839.0,BNB,BNB,bnb,0x4b74e109e8b0d03226224ef2746f8c13e4c59cd4,
188,2137,Electroneum,ETN,electroneum,352.0,1,1,2017-11-02T00:24:27.000Z,2022-10-28T09:59:00.000Z,,,,,,
189,1714,EncryptoTel [WAVES],ETT,encryptotel,,1,0,2017-06-10T16:09:58.000Z,2021-01-07T11:29:07.000Z,,,,,,
190,2018,EncryptoTel [ETH],ETT,encryptotel-eth,,1,0,2017-10-06T17:29:25.000Z,2021-01-07T11:39:08.000Z,1027.0,Ethereum,ETH,ethereum,0xe0c72452740414d861606a44ccd5ea7f96488278,
191,6429,Efficient Transaction Token,ETT,efficient-transaction-token,,1,0,,,1027.0,Ethereum,ETH,ethereum,0x1212b68d8555cf0b08f3371b926b3e1148b520f1,
192,17212,EVE Token,EVE,eve-exchange,3631.0,1,1,2022-01-18T22:37:00.000Z,2022-10-28T09:57:00.000Z,1027.0,Ethereum,ETH,ethereum,0x0f628641d0ea1ecab9341e58d4982c0018a51c6b,
193,2464,Devery,EVE,devery,,1,0,2018-01-24T21:09:27.000Z,2022-08-17T18:24:00.000Z,1027.0,Ethereum,ETH,ethereum,0x923108a439c4e8c2315c4f6521e5ce95b44e9b4c,
194,3261,EvenCoin,EVN,evencoin,2460.0,1,1,2018-09-11T00:04:21.000Z,2022-10-28T09:59:00.000Z,1027.0,Ethereum,ETH,ethereum,0x68909e586eeac8f47315e84b4c9788dd54ef65bb,
195,2526,Envion,EVN,envion,,1,0,2018-02-15T23:24:20.000Z,2020-10-23T03:14:00.000Z,1027.0,Ethereum,ETH,ethereum,0xd780ae2bf04cd96e577d3d014762f831d97129d0,
196,9580,Evolution Finance,EVN,evolution-finance,,1,0,2021-05-05T14:07:05.000Z,2022-09-05T18:27:00.000Z,1027.0,Ethereum,ETH,ethereum,0x9af15d7b8776fa296019979e70a5be53c714a7ec,
197,2034,Everex,EVX,everex,1919.0,1,1,2017-10-10T16:19:26.000Z,2022-10-28T09:59:00.000Z,1027.0,Ethereum,ETH,ethereum,0xf3db5fa2c66b7af3eb0c0b782510816cbe4813b8,
198,2333,FidentiaX,FDX,fidentiax,,1,0,2018-01-02T22:14:18.000Z,2020-07-07T23:59:06.000Z,1027.0,Ethereum,ETH,ethereum,0x52a7cb918c11a16958be40cba7e31e32a499a465,
199,2231,Flixxo,FLIXX,flixxo,2018.0,1,1,2017-11-26T00:59:52.000Z,2022-10-28T09:59:00.000Z,1027.0,Ethereum,ETH,ethereum,0xf04a8ac553fcedb5ba99a64799155826c136b0be,
200,2707,FLIP,FLP,flip,1728.0,1,1,2018-05-04T17:44:25.000Z,2022-10-28T09:59:00.000Z,1027.0,Ethereum,ETH,ethereum,0x3a1bda28adb5b0a812a7cf10a1950c920f79bcd3,
201,2530,Fusion,FSN,fusion,617.0,1,1,2018-02-16T06:59:20.000Z,2022-10-28T09:59:00.000Z,,,,,,
202,2667,FintruX Network,FTX,fintrux-network,1704.0,1,1,2018-04-23T23:14:24.000Z,2022-10-28T09:59:00.000Z,1027.0,Ethereum,ETH,ethereum,0xd559f20296FF4895da39b5bd9ADd54b442596a61,
203,4410,Forthewin,FTX,forethewin,,1,0,,,,,,,,
204,2120,Etherparty,FUEL,etherparty,1863.0,1,1,2017-10-30T18:04:28.000Z,2022-10-28T09:59:00.000Z,1027.0,Ethereum,ETH,ethereum,0xea38eaa3c86c8f9b751533ba2e562deb9acded40,
205,8659,Jetfuel Finance,FUEL,jetfuel-finance,4258.0,1,1,2021-03-02T16:50:09.000Z,2022-10-28T09:58:00.000Z,1839.0,BNB,BNB,bnb,0x2090c8295769791ab7a3cf1cc6e0aa19f35e441a,
206,1757,FUNToken,FUN,funtoken,269.0,1,1,2017-06-27T05:00:03.000Z,2022-10-28T09:59:00.000Z,1027.0,Ethereum,ETH,ethereum,0x419d0d8bdd9af5e606ae2232ed285aff190e711b,
207,17073,Affyn,FYN,affyn,3085.0,1,1,2022-01-29T13:35:00.000Z,2022-10-28T09:55:00.000Z,3890.0,Polygon,MATIC,polygon,0x3B56a704C01D650147ADE2b8cEE594066b3F9421,
208,1857,FundYourselfNow,FYN,fundyourselfnow,,1,0,2017-08-04T18:55:05.000Z,2018-10-24T00:23:54.000Z,,,,,,
209,6213,Global AEX Token,GAT,global-aex-token,2793.0,1,1,2021-03-07T05:15:00.000Z,2022-10-28T09:55:00.000Z,,,,,,
210,10255,Game Ace Token,GAT,game-ace-token,3983.0,1,1,2021-07-19T09:42:02.000Z,2022-10-28T09:57:00.000Z,1839.0,BNB,BNB,bnb,0xF315cfC8550F6FcA969D397cA8b807C5033fA122,
211,2425,Global Awards Token,GAT,global-awards-token,,1,0,2018-01-20T00:29:26.000Z,2020-07-07T23:59:06.000Z,1027.0,Ethereum,ETH,ethereum,0x687174f8c49ceb7729d925c3a961507ea4ac7b28,
212,2354,GET Protocol,GET,get-protocol,641.0,1,1,2018-01-11T06:34:18.000Z,2022-10-28T09:59:00.000Z,1027.0,Ethereum,ETH,ethereum,0x8a854288a5976036a725879164ca3e91d30c6a1b,
213,21746,GET,GET,get,3681.0,1,1,2022-09-08T10:39:00.000Z,2022-10-28T09:59:00.000Z,1027.0,Ethereum,ETH,ethereum,0xcc1f757e3fa67b70e761c71f4b75b1e9f72263af,
214,3127,Themis,GET,themis,,1,0,2018-08-09T23:24:23.000Z,2022-07-27T18:29:00.000Z,1027.0,Ethereum,ETH,ethereum,0x60c68a87be1e8a84144b543aacfa77199cd3d024,
215,7160,Gire Token,GET,gire-token,,1,0,2020-09-24T06:25:00.000Z,2021-11-07T18:25:11.000Z,,,,,,
216,2534,Gladius Token,GLA,gladius-token,,1,0,2018-02-17T21:24:20.000Z,2019-03-07T23:59:04.000Z,1027.0,Ethereum,ETH,ethereum,0x71D01dB8d6a2fBEa7f8d434599C237980C234e4C,
217,12039,Galaxy Adventure,GLA,galaxy-adventure,,1,0,2021-09-21T19:06:31.000Z,2021-11-29T18:16:09.000Z,1839.0,BNB,BNB,bnb,0x292Bb969737372E48D97C78c19B6a40347C33B45,
218,18069,STEPN,GMT,green-metaverse-token,114.0,1,1,2022-03-09T13:07:00.000Z,2022-10-28T09:57:00.000Z,1839.0,BNB,BNB,bnb,0x3019BF2a2eF8040C242C9a4c5c4BD4C81678b2A1,
219,10180,GMT Token,GMT,gomining-token,520.0,1,1,2021-06-01T02:33:18.000Z,2022-10-28T09:58:00.000Z,1027.0,Ethereum,ETH,ethereum,0x7Ddc52c4De30e94Be3A6A0A2b259b2850f421989,
220,2098,Mercury Protocol,GMT,mercury-protocol,,1,0,2017-10-26T20:59:28.000Z,2018-10-24T00:23:54.000Z,1027.0,Ethereum,ETH,ethereum,0xb3bd49e28f8f832b8d1e246106991e546c323502,
221,9203,Gambit,GMT,gambit-finance,,1,0,2021-04-13T16:33:11.000Z,2022-10-05T18:24:00.000Z,1839.0,BNB,BNB,bnb,0x99e92123eB77Bc8f999316f622e5222498438784,
222,18487,GreekMythology,GMT,greekmythology,,1,0,2022-03-02T04:14:00.000Z,2022-03-27T18:29:00.000Z,1839.0,BNB,BNB,bnb,0x7a59ce9c4248f8b078fd96d9965e6e5dc8e6f0a8,
223,1659,Gnosis,GNO,gnosis-gno,105.0,1,1,2017-05-01T20:09:54.000Z,2022-10-28T09:59:00.000Z,1027.0,Ethereum,ETH,ethereum,0x6810e776880c02933d47db1b9fc05908e5386b96,
224,9533,GreenTrust,GNT,greentrust,6670.0,1,1,2021-05-03T05:07:05.000Z,2022-10-28T09:57:00.000Z,1839.0,BNB,BNB,bnb,0xf750a26eb0acf95556e8529e72ed530f3b60f348,
225,2291,Genaro Network,GNX,genaro-network,1197.0,1,1,2017-12-18T23:55:11.000Z,2022-10-28T09:59:00.000Z,1027.0,Ethereum,ETH,ethereum,0x6ec8a24cabdc339a06a172f8223ea557055adaa5,
226,11928,Greenex,GNX,greenex,,1,0,2021-09-16T22:39:07.000Z,2022-05-21T18:24:00.000Z,1839.0,BNB,BNB,bnb,0x8d8f4d3a7d5a69d7163d8a325b01deab180177c3,
227,2134,Grid+,GRID,grid,815.0,1,1,2017-11-01T18:49:28.000Z,2022-10-28T09:59:00.000Z,1027.0,Ethereum,ETH,ethereum,0x12b19d3e2ccc14da04fae33e63652ce469b3f2fd,
228,822,GridPay,GRID,gridpay,,1,0,2015-02-22T02:29:25.000Z,2016-08-28T07:24:17.000Z,,,,,,
229,2289,Gifto,GTO,gifto,601.0,1,1,2017-12-18T17:00:20.000Z,2022-10-28T09:59:00.000Z,1839.0,BNB,BNB,bnb,GTO-908,
230,1616,Matchpool,GUP,guppy,,1,0,2017-04-11T19:44:47.000Z,2021-01-07T11:24:05.000Z,1027.0,Ethereum,ETH,ethereum,0xf7b098298f7c69fc14610bf71d5e02c60792894c,
231,2697,Hade Platform,HADE,hade-platform,,1,0,2018-05-02T22:34:25.000Z,2018-06-09T04:09:47.000Z,1027.0,Ethereum,ETH,ethereum,0x7b171c08d812f9c642dcf61f7e080610cbca64b3,
232,2031,Hubii Network,HBT,hubii-network,,1,0,2017-10-09T02:54:23.000Z,2021-10-11T09:54:22.000Z,1027.0,Ethereum,ETH,ethereum,0xdd6c68bb32462e01705011a4e2ad1a60740f217f,
233,8946,Habitat,HBT,habitat,,1,0,2021-03-25T16:05:10.000Z,2021-12-29T00:20:10.000Z,1027.0,Ethereum,ETH,ethereum,0x0ace32f6e87ac1457a5385f8eb0208f37263b415,
234,2999,Hdac,HDAC,hdac,,1,0,2018-08-01T19:09:27.000Z,2022-03-03T18:29:00.000Z,,,,,,
235,10778,Metahero,HERO,metahero,591.0,1,1,2021-07-07T06:18:06.000Z,2022-10-28T09:58:00.000Z,1839.0,BNB,BNB,bnb,0xD40bEDb44C081D2935eebA6eF5a3c8A31A1bBE13,
236,11067,Step Hero,HERO,step-hero,2398.0,1,1,2021-08-15T16:15:06.000Z,2022-10-28T09:55:00.000Z,1839.0,BNB,BNB,bnb,0xE8176d414560cFE1Bf82Fd73B986823B89E4F545,
237,18189,Solhero Finance,HERO,solhero-finance,8996.0,1,1,2022-02-18T09:35:00.000Z,2022-10-28T09:55:00.000Z,5426.0,Solana,SOL,solana,Hero6s7zJXsw9hfCXLVR5stLqgCok3E7CCkpQEoLAk2g,
238,1805,Sovereign Hero,HERO,sovereign-hero,,1,0,2017-07-11T06:30:40.000Z,2019-02-08T18:29:03.000Z,,,,,,
239,8315,HeroSwap,HERO,heroswap,,1,0,,,1027.0,Ethereum,ETH,ethereum,0x3ba11cf73c2da5e87ae7bc159e12f7dfd9fde8c9,
240,10315,FarmHero,HERO,farmhero,,1,0,2021-06-07T20:06:03.000Z,2022-02-21T18:21:00.000Z,1839.0,BNB,BNB,bnb,0x9b26e16377ad29a6ccc01770bcfb56de3a36d8b2,
241,13710,Hero Floki,HERO,hero-floki,,1,0,2021-11-02T15:14:05.000Z,2022-09-22T18:19:00.000Z,1839.0,BNB,BNB,bnb,0x5d96991648d22935bdf6c7064b65c3c93f82aa61,
242,15871,BinaHero,HERO,binahero,,1,0,2021-12-23T02:09:09.000Z,2022-09-13T18:24:00.000Z,1839.0,BNB,BNB,bnb,0x78C3AdE403438B37638304F9FbbFB1b76608c1BD,
243,2042,HelloGold,HGT,hellogold,,1,0,2017-10-12T18:14:23.000Z,2021-11-03T06:59:11.000Z,1027.0,Ethereum,ETH,ethereum,0xba2184520a1cc49a6159c57e61e1844e085615b6,
244,9664,HyperGraph,HGT,hypergraph,,1,0,2021-05-12T07:18:06.000Z,2022-01-11T00:18:00.000Z,1839.0,BNB,BNB,bnb,0x680052792714e10e1ef7cda551abca8667862053,
245,14694,Hydrogentoken,HGT,hydrogentoken,,1,0,2021-11-17T13:36:05.000Z,2022-04-24T18:21:00.000Z,1839.0,BNB,BNB,bnb,0x567540c37bb25dfd0f487525c0eb11f7fa0b63a2,
246,20045,Hakuna Matata Finance,HKN,hakuna-matata-finance,,1,0,2022-05-09T13:20:00.000Z,2022-09-24T18:20:00.000Z,3635.0,Cronos,CRO,cronos,0xa60943a1b19395c999ce6c21527b6b278f3f2046,
247,1669,Humaniq,HMQ,humaniq,1537.0,1,1,2017-05-11T21:19:54.000Z,2022-10-28T09:59:00.000Z,1027.0,Ethereum,ETH,ethereum,0xcbcc0f036ed4788f63fc0fee32873d6a7487b908,
248,1950,Hiveterminal Token,HVN,hiveterminal-token,1588.0,1,1,2017-09-10T03:15:20.000Z,2022-10-28T09:59:00.000Z,1027.0,Ethereum,ETH,ethereum,0xC0Eb85285d83217CD7c891702bcbC0FC401E2D9D,
249,13133,Decentral Games ICE,ICE,decentral-games-ice,1069.0,1,1,2021-10-26T16:42:17.000Z,2022-10-28T09:57:00.000Z,3890.0,Polygon,MATIC,polygon,0xc6c855ad634dcdad23e64da71ba85b8c51e5ad7c,
250,9073,Popsicle Finance,ICE,popsicle-finance,4090.0,1,1,2021-04-01T16:34:09.000Z,2022-10-28T09:59:00.000Z,1027.0,Ethereum,ETH,ethereum,0xf16e81dce15b08f326220742020379b855b87df9,
251,1735,iDice,ICE,idice,,1,0,2017-06-23T19:35:10.000Z,2018-04-16T18:59:12.000Z,1027.0,Ethereum,ETH,ethereum,0x5a84969bb663fb64F6d015DcF9F622Aedc796750,
252,15828,Ice DAO,ICE,ice-dao,,1,0,2021-12-09T04:21:08.000Z,2022-08-16T18:21:00.000Z,5805.0,Avalanche,AVAX,avalanche,0x9235b893a3e61a14b2d02a91ec1394fbf411689e,
253,138,iCoin,ICN,icoin,,1,0,2014-02-17T13:25:07.000Z,2019-02-08T18:29:01.000Z,,,,,,
254,1408,Iconomi,ICN,iconomi,,1,0,2016-09-30T18:05:28.000Z,2019-07-22T14:54:02.000Z,,,,,,
255,18171,I-COIN,ICN,i-coin,,1,0,2022-02-17T09:20:00.000Z,2022-03-27T18:25:00.000Z,1839.0,BNB,BNB,bnb,0x4F7413B6ac872D971684A26825AF43870864579C,
256,2082,ICOS,ICOS,icos,,1,0,2017-10-23T18:34:26.000Z,2019-02-08T18:29:03.000Z,1027.0,Ethereum,ETH,ethereum,0x014b50466590340d41307cc54dcee990c8d58aa8,
257,2459,indaHash,IDH,indahash,6405.0,1,1,2018-01-24T04:39:27.000Z,2022-10-28T09:59:00.000Z,1027.0,Ethereum,ETH,ethereum,0x5136C98A80811C3f46bDda8B5c4555CFd9f812F0,
258,1888,InvestFeed,IFT,investfeed,2092.0,1,1,2017-08-13T23:29:23.000Z,2022-10-28T09:59:00.000Z,1027.0,Ethereum,ETH,ethereum,0x7654915a1b82d6d2d0afc37c52af556ea8983c7e,
259,8949,IFToken,IFT,iftoken,5039.0,1,1,2021-03-24T18:20:00.000Z,2022-10-28T09:55:00.000Z,1027.0,Ethereum,ETH,ethereum,0x2731d151cbdf84a8a4c6d9d0bae74012db51e428,
260,2276,Ignis,IGNIS,ignis,1015.0,1,1,2017-12-13T18:04:51.000Z,2022-10-28T09:59:00.000Z,,,,,,
261,1475,Incent,INCNT,incent,,1,0,2016-12-07T02:21:01.000Z,2021-10-18T18:19:05.000Z,,,,,,
262,1967,Indorse Token,IND,indorse-token,2070.0,1,1,2017-09-19T02:49:57.000Z,2022-10-28T09:59:00.000Z,1027.0,Ethereum,ETH,ethereum,0xf8e386eda857484f5a12e4b5daa9984e06e73705,
263,19759,Infinity DAO,IND,infinity-dao,5661.0,1,1,2022-04-25T15:11:00.000Z,2022-10-28T09:56:00.000Z,1839.0,BNB,BNB,bnb,0x986d88736cc8c18069b75a3023ec3880f3b20562,
264,22088,Infinity Angel,ING,infinity-angel,2914.0,1,1,2022-10-06T14:18:00.000Z,2022-10-28T09:58:00.000Z,1839.0,BNB,BNB,bnb,0xae7c682ba26ad6835b6150ffb35f22db9987f509,
265,2504,Iungo,ING,iungo,,1,0,2018-02-04T23:14:29.000Z,2020-10-23T03:14:00.000Z,1027.0,Ethereum,ETH,ethereum,0x24ddff6d8b8a42d835af3b440de91f3386554aa4,
266,2558,Insights Network,INSTAR,insights-network,760.0,1,1,2018-03-03T01:04:20.000Z,2022-10-28T09:59:00.000Z,,,,,,
267,2421,VouchForMe,IPL,insurepal,2357.0,1,1,2018-01-19T01:44:25.000Z,2022-10-28T09:59:00.000Z,1027.0,Ethereum,ETH,ethereum,0x64CdF819d3E75Ac8eC217B3496d7cE167Be42e80,
268,2617,IP Exchange,IPSX,ip-exchange,,1,0,2018-03-27T17:19:21.000Z,2020-10-23T03:14:00.000Z,1027.0,Ethereum,ETH,ethereum,0x001f0aa5da15585e5b2305dbab2bac425ea71007,
269,1845,IXT,IXT,ixledger,1967.0,1,1,2017-07-27T17:59:52.000Z,2022-10-28T09:59:00.000Z,1027.0,Ethereum,ETH,ethereum,0xfca47962d45adfdfd1ab2d972315db4ce7ccf094,
270,17131,IX Token,IXT,ix-token,3152.0,1,1,2022-01-11T11:15:00.000Z,2022-10-28T09:55:00.000Z,3890.0,Polygon,MATIC,polygon,0xe06bd4f5aac8d0aa337d13ec88db6defc6eaeefe,
271,2498,Jibrel Network,JNT,jibrel-network,,1,0,2018-02-05T21:09:30.000Z,2021-03-02T13:44:05.000Z,1027.0,Ethereum,ETH,ethereum,0xa5fd1a791c4dfcaacc963d4f73c6ae5824149ea7,
272,2398,SelfKey,KEY,selfkey,532.0,1,1,2018-01-15T17:34:19.000Z,2022-10-28T09:59:00.000Z,1027.0,Ethereum,ETH,ethereum,0x4cc19356f2d37338b9802aa8e8fc58b0373296e7,
273,9302,MoMo KEY,KEY,momo-key,7148.0,1,1,2021-04-19T22:27:03.000Z,2022-10-28T09:57:00.000Z,1839.0,BNB,BNB,bnb,0x85c128ee1feeb39a59490c720a9c563554b51d33,
274,472,KeyCoin,KEY,keycoin,,1,0,2014-07-18T12:24:19.000Z,2016-01-05T17:39:15.000Z,,,,,,
275,2713,KEY,KEY,key,,1,0,2018-05-08T00:09:24.000Z,2022-09-13T18:19:00.000Z,1027.0,Ethereum,ETH,ethereum,0x4cd988afbad37289baaf53c13e98e2bd46aaea8c,
276,6563,MYKEY,KEY,mykey,,1,0,,,,,,,,
277,10700,KickToken,KICK,kicktoken,1510.0,1,1,2021-07-02T16:30:10.000Z,2022-10-28T09:55:00.000Z,1839.0,BNB,BNB,bnb,0x824a50df33ac1b41afc52f4194e2e8356c17c3ac,
278,12640,KICK.IO,KICK,kick-io,4155.0,1,1,2021-10-12T08:24:05.000Z,2022-10-28T09:59:00.000Z,2010.0,Cardano,ADA,cardano,49fe136eb6a7f438fec3a2b1fedbc29ce2723c5248530b3b1f5fbde74b49434b,
279,2017,KickToken [old],KICK,kick-token,,1,0,2017-10-04T16:49:25.000Z,2021-07-05T20:24:16.000Z,1027.0,Ethereum,ETH,ethereum,0xc12d1c73ee7dc3615ba4e37e4abfdbddfa38907e,
280,1993,Kin,KIN,kin,545.0,1,1,2017-09-27T19:29:34.000Z,2022-10-28T09:59:00.000Z,,,,,,
281,1521,Komodo,KMD,komodo,443.0,1,1,2017-02-05T23:49:46.000Z,2022-10-28T09:59:00.000Z,,,,,,
282,9444,Kyber Network Crystal v2,KNC,kyber-network-crystal-v2,157.0,1,1,2021-07-28T05:31:04.000Z,2022-10-28T09:56:00.000Z,1027.0,Ethereum,ETH,ethereum,0xdeFA4e8a7bcBA345F687a2f1456F5Edd9CE97202,
283,2090,LATOKEN,LA,latoken,577.0,1,1,2017-10-25T17:54:27.000Z,2022-10-28T09:59:00.000Z,1027.0,Ethereum,ETH,ethereum,0xe50365f5d679cb98a1dd62d6f6e58e59321bcddf,
284,2594,LatiumX,LATX,latiumx,,1,0,2018-03-21T23:29:21.000Z,2019-10-15T22:19:03.000Z,1027.0,Ethereum,ETH,ethereum,0x2f85e502a988af76f7ee6d83b7db8d6c0a823bf9,
285,2580,Leadcoin,LDC,leadcoin,,1,0,2018-03-12T20:04:20.000Z,2021-06-14T09:59:08.000Z,1027.0,Ethereum,ETH,ethereum,0x5102791ca02fc3595398400bfe0e33d7b6c82267,
286,2239,Aave [old],LEND,aave-old,,1,0,2017-11-30T06:59:36.000Z,2021-02-23T08:39:04.000Z,1027.0,Ethereum,ETH,ethereum,0x80fB784B7eD66730e8b1DBd9820aFD29931aab03,
287,11534,Levante U.D. Fan Token,LEV,levante-ud-fan-token,1910.0,1,1,2021-11-24T09:42:05.000Z,2022-10-28T09:57:00.000Z,,,,,,
288,9505,Lever Token,LEV,lever-token,4744.0,1,1,2021-05-07T14:48:05.000Z,2022-10-28T09:58:00.000Z,1027.0,Ethereum,ETH,ethereum,0xbc194e6f748a222754c3e8b9946922c09e7d4e91,
289,2377,Leverj,LEV,leverj,,1,0,2018-01-12T20:19:20.000Z,2021-01-21T21:19:04.000Z,1027.0,Ethereum,ETH,ethereum,0x0f4ca92660efad97a9a70cb0fe969c755439772c,
290,1975,Chainlink,LINK,chainlink,22.0,1,1,2017-09-20T20:54:59.000Z,2022-10-28T09:59:00.000Z,1027.0,Ethereum,ETH,ethereum,0x514910771af9ca656af840dff83e8264ecf986ca,
291,1454,Lykke,LKK,lykke,,1,0,2016-11-14T21:39:37.000Z,2022-07-28T18:29:00.000Z,,,,,,
292,2518,LOCIcoin,LOCI,locicoin,,1,0,2018-02-10T19:54:20.000Z,2021-01-08T06:49:05.000Z,1027.0,Ethereum,ETH,ethereum,0x9c23d67aea7b95d80942e3836bcdf7e708a747c2,
293,1934,Loopring,LRC,loopring,97.0,1,1,2017-08-30T02:15:10.000Z,2022-10-28T09:59:00.000Z,1027.0,Ethereum,ETH,ethereum,0xbbbbca6a901c926f240b89eacb641d8aec7aeafd,
294,1214,Lisk,LSK,lisk,171.0,1,1,2016-04-06T20:19:57.000Z,2022-10-28T09:59:00.000Z,,,,,,
295,1658,Lunyr,LUN,lunyr,2279.0,1,1,2017-05-01T13:29:54.000Z,2022-10-28T09:59:00.000Z,1027.0,Ethereum,ETH,ethereum,0xfa05A73FfE78ef8f1a739473e462c54bae6567D9,
296,17365,LunarBrain,LUN,lunarbrain,,1,0,2022-03-24T23:38:00.000Z,2022-04-05T18:23:00.000Z,9640.0,MetisDAO,METIS,metisdao,0xc19e380a0086264904018f1fb8ff3b6e970c30ea,
297,2554,Lympo,LYM,lympo,1233.0,1,1,2018-03-01T21:24:21.000Z,2022-10-28T09:59:00.000Z,1027.0,Ethereum,ETH,ethereum,0xc690f7c7fcffa6a82b79fab7508c466fefdfc8c5,
298,1966,Decentraland,MANA,decentraland,45.0,1,1,2017-09-17T00:41:16.000Z,2022-10-28T09:59:00.000Z,1027.0,Ethereum,ETH,ethereum,0x0f5d2fb29fb7d3cfee444a200298f468908cc942,
299,12712,Genesis Mana,MANA,genesis-mana,,1,0,2021-10-14T08:21:05.000Z,2022-10-16T18:16:00.000Z,1027.0,Ethereum,ETH,ethereum,0x2d77f5b3efa51821ad6483adaf38ea4cb1824cc5,
300,16942,Meta Capital,MCAP,meta-capital,8882.0,1,1,2022-01-06T08:26:00.000Z,2022-10-28T09:56:00.000Z,1027.0,Ethereum,ETH,ethereum,0xbce0665b20164d6cd6d15e70fed1e094ad4a44f0,
301,1690,MCAP,MCAP,mcap,,1,0,2017-05-30T13:59:50.000Z,2019-04-17T23:14:01.000Z,1027.0,Ethereum,ETH,ethereum,0x93e682107d1e9defb0b5ee701c71707a4b2e46bc,
302,2000,Musiconomi,MCI,musiconomi,,1,0,2017-10-27T18:59:24.000Z,2019-02-05T23:59:01.000Z,1027.0,Ethereum,ETH,ethereum,0x138a8752093f4f9a79aaedf48d4b9248fab93c9c,
303,1776,MCO,MCO,crypto-com,,1,0,2017-07-03T16:54:31.000Z,2021-12-23T19:44:10.000Z,1027.0,Ethereum,ETH,ethereum,0xb63b606ac810a52cca15e44bb630fd42d8d1d83d,
304,2303,MediBloc,MED,medibloc,179.0,1,1,2017-12-22T20:25:02.000Z,2022-10-28T09:59:00.000Z,,,,,,
305,688,MediterraneanCoin,MED,mediterraneancoin,,1,0,2014-10-22T12:09:26.000Z,2017-07-27T02:04:11.000Z,,,,,,
306,1715,MobileGo,MGO,mobilego,,1,0,2017-06-11T16:34:56.000Z,2022-05-25T18:29:00.000Z,1027.0,Ethereum,ETH,ethereum,0x40395044Ac3c0C57051906dA938B54BD6557F212,
307,1552,Enzyme,MLN,enzyme,363.0,1,1,2017-02-22T00:44:37.000Z,2022-10-28T09:59:00.000Z,1027.0,Ethereum,ETH,ethereum,0xec67005c4e498ec7f55e092bd1d35cbc47c91892,
308,2429,Mobius,MOBI,mobius,976.0,1,1,2018-01-20T01:34:26.000Z,2022-10-28T09:59:00.000Z,512.0,Stellar,XLM,stellar,GA6HCMBLTZS5VYYBCATRBRZ3BZJMAFUDKYYF6AH6MVCMGWMRDNSWJPIH,
309,14099,Mobius Money,MOBI,mobius-money,6169.0,1,1,2021-11-08T13:57:20.000Z,2022-10-28T09:57:00.000Z,5567.0,Celo,CELO,celo,0x73a210637f6f6b7005512677ba6b3c96bb4aa44b,
310,17399,Moebius,MOBI,moebius,8931.0,1,1,2022-01-17T11:38:00.000Z,2022-10-28T09:58:00.000Z,1839.0,BNB,BNB,bnb,0x192a4fFCCAc2D29Fe3f84cAEe5e94Ed3737c705b,
311,8494,Modefi,MOD,modefi,1038.0,1,1,2021-02-17T19:20:06.000Z,2022-10-28T09:55:00.000Z,1027.0,Ethereum,ETH,ethereum,0xea1ea0972fa092dd463f2968f9bb51cc4c981d71,
312,2080,Modum,MOD,modum,,1,0,2017-10-23T16:34:27.000Z,2019-05-11T02:59:03.000Z,1027.0,Ethereum,ETH,ethereum,0x957c30ab0426e0c93cd8241e2c60392d08c6ac8e,
313,19123,MetaSpets,MSP,metaspets,7067.0,1,1,2022-04-29T16:47:00.000Z,2022-10-28T09:57:00.000Z,1839.0,BNB,BNB,bnb,0x5270556791Ae9f924a892A46DDd0b0b449281365,
314,1847,Mothership,MSP,mothership,,1,0,2017-07-28T03:49:54.000Z,2019-02-15T23:59:02.000Z,1027.0,Ethereum,ETH,ethereum,0x68aa3f232da9bdc2343465545794ef3eea5209bd,
315,10553,Moonship Finance,MSP,moonship-finance,,1,0,2021-07-19T22:51:06.000Z,2021-10-11T09:46:05.000Z,2502.0,Huobi Token,HT,huobi-token,0x3587b2f70d5eaaa26a7b6520b9f286b6538d621f,
316,1947,Monetha,MTH,monetha,957.0,1,1,2017-09-06T05:40:04.000Z,2022-10-28T09:59:00.000Z,1027.0,Ethereum,ETH,ethereum,0xaf4dce16da2877f8c9e00544c93b62ac40631f16,
317,2497,Medicalchain,MTN,medical-chain,1540.0,1,1,2018-02-03T19:04:30.000Z,2022-10-28T09:59:00.000Z,1027.0,Ethereum,ETH,ethereum,0x41dbecc1cdc5517c6f76f6a6e836adbee2754de3,
318,15340,Metanoom,MTN,metanoom,8720.0,1,1,2021-11-30T05:48:35.000Z,2022-10-28T09:58:00.000Z,1839.0,BNB,BNB,bnb,0x02c28de884a4f0bc67d1dacc466def995f6da822,
319,14160,Matrix Protocol,MTX,matrix-protocol,8606.0,1,1,2021-11-09T09:06:23.000Z,2022-10-28T09:56:00.000Z,1839.0,BNB,BNB,bnb,0xe28832f94aa99d3ed4c61ef805330168556b4179,
320,2325,Matryx,MTX,matryx,,1,0,2018-01-02T22:14:18.000Z,2022-09-28T18:29:00.000Z,1027.0,Ethereum,ETH,ethereum,0x0af44e2784637218dd1d32a322d44e603a8f0c6a,
321,15791,MetaMatrix,MTX,metamatrix,,1,0,2021-12-08T08:24:06.000Z,2022-04-03T18:19:00.000Z,1839.0,BNB,BNB,bnb,0xd1a6eff20958403f9fa137760e62dfde4516a0b1,
322,2533,Restart Energy MWAT,MWAT,restart-energy-mwat,,1,0,2018-02-17T20:44:20.000Z,2021-12-06T18:24:07.000Z,1027.0,Ethereum,ETH,ethereum,0x6425c6be902d692ae2db752b3c268afadb099d3b,
323,1902,MyBit,MYB,mybit,2364.0,1,1,2017-08-19T19:35:03.000Z,2022-10-28T09:59:00.000Z,1027.0,Ethereum,ETH,ethereum,0x5d60d8d7ef6d37e16ebabc324de3be57f135e0bc,
324,1721,Mysterium,MYST,mysterium,897.0,1,1,2017-06-14T13:59:57.000Z,2022-10-28T09:59:00.000Z,1027.0,Ethereum,ETH,ethereum,0x4Cf89ca06ad997bC732Dc876ed2A7F26a9E7f361,
325,18957,MYSTERY,MYST,mystery,9068.0,1,1,2022-03-21T02:32:00.000Z,2022-10-28T09:57:00.000Z,1839.0,BNB,BNB,bnb,0xcdcaef3ce3a138c47ddb0b04a9b04649c13d50ed,
326,808,MysteryCoin,MYST,mysterycoin,,1,0,2015-02-06T13:14:26.000Z,2015-11-25T14:29:23.000Z,,,,,,
327,75,NetCoin,NET,netcoin,,1,0,2013-12-17T04:07:16.000Z,2018-10-24T00:23:46.000Z,,,,,,
328,1811,Nimiq Exchange Token,NET,nimiq-exchange-token,,1,0,2017-07-15T20:14:16.000Z,2019-02-08T18:29:03.000Z,,,,,,
329,3788,NEXT,NET,next,,1,0,2019-03-11T18:44:08.000Z,2021-10-11T09:44:08.000Z,1027.0,Ethereum,ETH,ethereum,0xF29226914595052a04F5AFbe6410D0C3eD707548,
330,2318,Neumark,NEU,neumark,6106.0,1,1,2017-12-29T21:54:18.000Z,2022-10-28T09:59:00.000Z,1027.0,Ethereum,ETH,ethereum,0xa823e6722006afe99e91c30ff5295052fe6b8e32,
331,1080,NeuCoin,NEU,neucoin,,1,0,2015-09-25T19:34:29.000Z,2017-06-12T17:09:27.000Z,,,,,,
332,2305,NAGA,NGC,naga,3766.0,1,1,2017-12-23T21:59:59.000Z,2022-10-28T09:59:00.000Z,1027.0,Ethereum,ETH,ethereum,0x72dd4b6bd852a3aa172be4d6c5a6dbec588cf131,
333,2420,Nitro,NOX,nitro,,1,0,2018-01-19T01:44:25.000Z,2020-07-09T02:19:11.000Z,1027.0,Ethereum,ETH,ethereum,0xec46f8207d766012454c408de210bcbc2243e71c,
334,19793,CryptoNitro,NOX,cryptonitro,,1,0,,,1839.0,BNB,BNB,bnb,0x2976284040d8d36fc8cd0d458d4d5bcfa4c6d2f8,
335,2602,NaPoleonX,NPX,napoleonx,,1,0,2018-03-21T20:44:21.000Z,2022-05-03T05:24:00.000Z,1027.0,Ethereum,ETH,ethereum,0x28b5e12cce51f15594b0b91d5b5adaa70f684a02,
336,2603,Pundi X (Old),NPXS,pundi-x,7755.0,1,1,2018-03-22T17:04:21.000Z,2022-10-28T09:59:00.000Z,1027.0,Ethereum,ETH,ethereum,0xa15c7ebe1f07caf6bff097d8a589fb8ac49ae5b3,
337,2536,Neurotoken,NTK,neurotoken,1938.0,1,1,2018-02-20T01:59:20.000Z,2022-10-28T09:59:00.000Z,1027.0,Ethereum,ETH,ethereum,0x69beab403438253f13b6e92db91f7fb849258263,
338,3149,Netkoin,NTK,netkoin,7941.0,1,1,2018-08-10T20:29:27.000Z,2022-10-28T09:59:00.000Z,1027.0,Ethereum,ETH,ethereum,0x5d4d57cd06fa7fe99e26fdc481b468f77f05073c,
339,1794,NVO,NVST,nvo,,1,0,2017-07-10T23:14:33.000Z,2018-07-19T19:10:09.000Z,,,,,,
340,1853,OAX,OAX,oax,690.0,1,1,2017-07-31T18:40:05.000Z,2022-10-28T09:59:00.000Z,1027.0,Ethereum,ETH,ethereum,0x701c244b988a513c945973defa05de933b23fe1d,
341,1808,OMG Network,OMG,omg,126.0,1,1,2017-07-14T04:34:16.000Z,2022-10-28T09:59:00.000Z,1027.0,Ethereum,ETH,ethereum,0xd26114cd6ee289accf82350c8d8487fedb8a0c07,
342,21079,OMEGA FINANCE,OMG,omega-finance,,1,0,2022-07-21T12:47:00.000Z,2022-09-13T18:22:00.000Z,1027.0,Ethereum,ETH,ethereum,0x3d1f5e133c2988d14a0c13bdd2b58d260e74ef9a,
343,20931,Optimus,OPT,optimus-opt,6502.0,1,1,2022-07-10T10:02:00.000Z,2022-10-28T09:57:00.000Z,1839.0,BNB,BNB,bnb,0xDFE29AFdF5A7D0bb92A01A56Adabfa87D652E0E7,
344,1931,Opus,OPT,opus,,1,0,2017-08-29T15:50:16.000Z,2022-10-07T18:24:00.000Z,1027.0,Ethereum,ETH,ethereum,0x4355fC160f74328f9b383dF2EC589bB3dFd82Ba0,
345,6694,Open Predict Token,OPT,open-predict-token,,1,0,2020-08-24T10:49:18.000Z,2021-11-12T18:14:06.000Z,1027.0,Ethereum,ETH,ethereum,0x4FE5851C9af07df9e5AD8217aFAE1ea72737Ebda,
346,2296,OST,OST,ost,1751.0,1,1,2017-12-19T19:14:44.000Z,2022-10-28T09:59:00.000Z,1027.0,Ethereum,ETH,ethereum,0x2c4e8f2d746113d0696ce89b35f0d8bf88e0aeca,
347,8029,Oxygen,OXY,oxygen,1250.0,1,1,2021-03-16T14:20:15.000Z,2022-10-28T09:55:00.000Z,1027.0,Ethereum,ETH,ethereum,0x965697b4ef02f0de01384d0d4f9f782b1670c163,
348,3438,Oxycoin,OXY,oxycoin,,1,0,2018-10-12T19:44:22.000Z,2020-09-01T23:59:06.000Z,1027.0,Ethereum,ETH,ethereum,0x869b1f57380ae501d387b19262efd3c0eb7501b0,
349,18502,Oxy-Fi,OXY,oxy-fi,,1,0,2022-03-02T08:14:00.000Z,2022-09-09T18:19:00.000Z,5805.0,Avalanche,AVAX,avalanche,0x2dd0D1c14586731701706dE1ABf9b2Dc47561645,
350,1758,TenX,PAY,tenx,1045.0,1,1,2017-06-27T05:30:59.000Z,2022-10-28T09:59:00.000Z,1027.0,Ethereum,ETH,ethereum,0xb97048628db6b661d4c2aa833e95dbe1a905b280,
351,17978,PayBolt,PAY,paybolt,5366.0,1,1,2022-02-09T08:42:00.000Z,2022-10-28T09:57:00.000Z,1027.0,Ethereum,ETH,ethereum,0xe580074A10360404AF3ABfe2d524D5806D993ea3,
352,21336,Pebble,PBL,pebble,7822.0,1,1,2022-08-09T16:41:00.000Z,2022-10-28T09:56:00.000Z,3513.0,Fantom,FTM,fantom,0x9a2d0935e6cc558aaba4ebd280f03a74b4752add,
353,2217,Publica,PBL,publica,,1,0,2017-11-23T01:34:42.000Z,2019-02-01T23:59:06.000Z,1027.0,Ethereum,ETH,ethereum,0x55648de19836338549130b1af587f16bea46f66b,
354,22304,Project Babel,PBT,project-babel,3113.0,1,1,2022-10-20T04:50:00.000Z,2022-10-28T09:55:00.000Z,1839.0,BNB,BNB,bnb,0xee923e118d1306b7e8358573c39499be0859cfcf,
355,1841,Primalbase Token,PBT,primalbase,,1,0,2017-07-27T16:04:50.000Z,2021-11-03T07:04:08.000Z,,,,,,
356,11727,Phoenix Token,PHX,phoenix-token,2291.0,1,1,2021-09-07T14:09:05.000Z,2022-10-28T09:59:00.000Z,1027.0,Ethereum,ETH,ethereum,0xAeC65404DdC3af3C897AD89571d5772C1A695F22,
357,2112,Phoenix Global [old],PHX,phoenix-global,7224.0,1,1,2017-10-28T21:39:25.000Z,2022-10-28T09:59:00.000Z,1376.0,Neo,NEO,neo,1578103c13e39df15d0d29826d957e85d770d8c9,
358,16366,Phoenix Blockchain,PHX,phoenix,8819.0,1,1,2021-12-24T08:26:14.000Z,2022-10-28T09:56:00.000Z,,,,,,
359,10206,Phoenix Protocol,PHX,phoenix-protocol,,1,0,2021-06-01T20:27:18.000Z,2021-08-13T23:42:10.000Z,1839.0,BNB,BNB,bnb,0xb98d864ddcb573567b3a2258c9e5cab58fe7974e,
360,10774,Sonar,PING,sonar,1148.0,1,1,2021-07-06T11:12:36.000Z,2022-10-28T09:57:00.000Z,1839.0,BNB,BNB,bnb,0x5546600f77eda1dcf2e8817ef4d617382e7f71f5,
361,1777,CryptoPing,PING,cryptoping,,1,0,2017-07-03T21:19:25.000Z,2021-09-25T23:09:16.000Z,1027.0,Ethereum,ETH,ethereum,0x21cd6af01383651ed10554394c0497f9db5e5dbc,
362,9523,PKT,PKT,pkt,958.0,1,1,2022-03-17T04:05:00.000Z,2022-10-28T09:55:00.000Z,,,,,,
363,2279,Playkey,PKT,playkey,2180.0,1,1,2017-12-20T06:19:41.000Z,2022-10-28T09:59:00.000Z,1027.0,Ethereum,ETH,ethereum,0x2604fa406be957e542beb89e6754fcde6815e83f,
364,18331,PiratesKing,PKT,piratesking,,1,0,2022-02-24T05:50:00.000Z,2022-05-29T18:15:00.000Z,1839.0,BNB,BNB,bnb,0x4cbd8adcd7eca7d1b71adbbf484f1e8014681a9d,
365,1784,Polybius,PLBT,polybius,6041.0,1,1,2017-07-06T18:24:16.000Z,2022-10-28T09:59:00.000Z,1027.0,Ethereum,ETH,ethereum,0x0affa06e7fbe5bc9a764c979aa66e8256a631f02,
366,1834,Pillar,PLR,pillar,1334.0,1,1,2017-07-24T19:25:00.000Z,2022-10-28T09:59:00.000Z,1027.0,Ethereum,ETH,ethereum,0xe3818504c1b32bf1557b16c238b2e01fd3149c17,
367,1937,Po.et,POE,poet,2168.0,1,1,2017-09-01T00:30:04.000Z,2022-10-28T09:59:00.000Z,1027.0,Ethereum,ETH,ethereum,0x0e0989b1f9b8a38983c2ba8053269ca62ec9b195,
368,2132,Powerledger,POWR,power-ledger,238.0,1,1,2017-11-01T17:09:28.000Z,2022-10-28T09:59:00.000Z,1027.0,Ethereum,ETH,ethereum,0x595832f8fc6bf59c85c527fec3740a1b7a361269,
369,1327,Peerplays [old],PPY,peerplays,,1,0,2016-08-01T18:21:04.000Z,2017-06-13T13:34:46.000Z,,,,,,
370,1719,Peerplays,PPY,peerplays-ppy,,1,0,2017-06-13T13:40:00.000Z,2021-12-31T02:34:19.000Z,,,,,,
371,2094,Paragon,PRG,paragon,,1,0,2017-10-26T00:49:25.000Z,2020-08-31T23:59:22.000Z,1027.0,Ethereum,ETH,ethereum,0x7728dFEF5aBd468669EB7f9b48A7f70a501eD29D,
372,2184,Privatix,PRIX,privatix,2313.0,1,1,2017-11-16T19:29:34.000Z,2022-10-28T09:59:00.000Z,1027.0,Ethereum,ETH,ethereum,0x3adfc4999f77d04c8341bac5f3a76f58dff5b37a,
373,1974,Propy,PRO,propy,333.0,1,1,2017-09-19T05:24:49.000Z,2022-10-28T09:59:00.000Z,1027.0,Ethereum,ETH,ethereum,0x226bb599a12c826476e3a771454697ea52e9e220,
374,19565,Prometheus,PRO,prometheus-pro,9124.0,1,1,2022-04-15T08:30:00.000Z,2022-10-28T09:55:00.000Z,9640.0,MetisDAO,METIS,metisdao,0x259EF6776648500D7F1A8aBA3651E38b1121e65e,
375,492,PayProCoin,PRO,payprocoin,,1,0,2014-07-31T12:44:24.000Z,2014-11-02T02:49:17.000Z,,,,,,
376,905,ProsperityCoin,PRO,prosperitycoin,,1,0,2015-04-27T12:04:29.000Z,2015-09-21T23:59:23.000Z,,,,,,
377,1708,Patientory,PTOY,patientory,1964.0,1,1,2017-06-06T06:04:53.000Z,2022-10-28T09:59:00.000Z,1027.0,Ethereum,ETH,ethereum,0x8ae4bf2c33a8e667de34b54938b0ccd03eb8cc06,
378,2213,QASH,QASH,qash,798.0,1,1,2017-11-21T18:14:40.000Z,2022-10-28T09:59:00.000Z,1027.0,Ethereum,ETH,ethereum,0x618e75ac90b12c6049ba3b27f5d5f8651b0037f6,
379,2242,Qbao,QBT,qbao,1951.0,1,1,2017-12-03T15:49:47.000Z,2022-10-28T09:59:00.000Z,,,,,,
380,11414,Qubit,QBT,qubit,7578.0,1,1,2021-08-26T08:27:11.000Z,2022-10-28T09:57:00.000Z,1839.0,BNB,BNB,bnb,0x17b7163cf1dbd286e262ddc68b553d899b93f526,
381,1435,Cubits,QBT,cubits,,1,0,2016-10-24T23:37:04.000Z,2019-02-05T21:54:03.000Z,,,,,,
382,2321,QLC Chain,QLC,qlink,881.0,1,1,2017-12-29T21:54:18.000Z,2022-10-28T09:59:00.000Z,1376.0,Neo,NEO,neo,0d821bd7b6d53f5c2b40e217c6defc8bbe896cf5,
383,1684,Qtum,QTUM,qtum,111.0,1,1,2017-05-24T15:19:53.000Z,2022-10-28T09:59:00.000Z,,,,,,
384,2096,Ripio Credit Network,RCN,ripio-credit-network,1209.0,1,1,2017-10-26T15:54:25.000Z,2022-10-28T09:59:00.000Z,1027.0,Ethereum,ETH,ethereum,0xf970b8e36e23f7fc3fd752eea86f8be8d83375a6,
385,1418,Rcoin,RCN,rcoin,,1,0,2016-10-09T22:29:31.000Z,2018-10-18T12:04:04.000Z,,,,,,
386,2161,Raiden Network Token,RDN,raiden-network-token,980.0,1,1,2017-11-08T19:04:33.000Z,2022-10-28T09:59:00.000Z,1027.0,Ethereum,ETH,ethereum,0x255aa6df07540cb5d3d297f0d0d4d84cb52bc8e6,
387,21105,Ride2Earn,RDN,ride2earn,,1,0,2022-07-25T03:20:00.000Z,2022-09-19T18:15:00.000Z,1839.0,BNB,BNB,bnb,0x2b916bdf78dac3a3f7ae8134622147acf3e548e4,
388,14463,Realy,REAL,realy,3469.0,1,1,2021-12-10T12:45:03.000Z,2022-10-28T09:55:00.000Z,5426.0,Solana,SOL,solana,AD27ov5fVU2XzwsbvnFvb1JpCBaCB5dRXrczV9CqSVGb,
389,13698,Real Realm,REAL,real-realm,4603.0,1,1,2021-11-25T04:39:05.000Z,2022-10-28T09:59:00.000Z,1839.0,BNB,BNB,bnb,0xE91cd52Bd65fe23A3EAE40E3eB87180E8306399F,
390,14721,RealLink,REAL,reallink,7282.0,1,1,2021-11-22T03:51:05.000Z,2022-10-28T09:56:00.000Z,,,,,,
391,2030,REAL,REAL,real,,1,0,2017-10-08T22:59:47.000Z,2021-12-09T04:19:10.000Z,1027.0,Ethereum,ETH,ethereum,0x9214ec02cb71cba0ada6896b8da260736a67ab10,
392,2071,Request,REQ,request,182.0,1,1,2017-10-20T15:49:24.000Z,2022-10-28T09:59:00.000Z,1027.0,Ethereum,ETH,ethereum,0x8f8221afbb33998d8584a2b05749ba73c37a938a,
393,1637,iExec RLC,RLC,rlc,254.0,1,1,2017-04-20T21:49:49.000Z,2022-10-28T09:59:00.000Z,1027.0,Ethereum,ETH,ethereum,0x607f4c5bb672230e8672085532f7e901544a7375,
394,1991,Rivetz,RVT,rivetz,2445.0,1,1,2017-09-25T21:14:32.000Z,2022-10-28T09:59:00.000Z,1027.0,Ethereum,ETH,ethereum,0x3d1ba9be9f66b8ee101911bc36d3fb562eac2244,
395,1807,Santiment Network Token,SAN,santiment,923.0,1,1,2017-07-12T18:59:21.000Z,2022-10-28T09:59:00.000Z,1027.0,Ethereum,ETH,ethereum,0x7c5a0ce9267ed19b22f8cae653f198e3e8daf098,
396,22110,Club Santos Laguna Fan Token,SAN,club-santos-laguna-fan-token,3049.0,1,1,2022-10-08T08:21:00.000Z,2022-10-28T09:56:00.000Z,4066.0,Chiliz,CHZ,chiliz,0x575e5dc6d16e6043c79f0f44282960a0d2cc86d3,
397,1969,Sociall,SCL,sociall,2301.0,1,1,2017-09-19T04:29:47.000Z,2022-10-28T09:59:00.000Z,1027.0,Ethereum,ETH,ethereum,0xd7631787b4dcc87b1254cfd1e5ce48e96823dee8,
398,2581,Sharpe Platform Token,SHP,sharpe-platform-token,,1,0,2018-03-12T22:19:20.000Z,2020-02-18T16:59:04.000Z,1027.0,Ethereum,ETH,ethereum,0xef2463099360a085f1f10b076ed72ef625497a06,
399,2003,Smart Investment Fund Token,SIFT,smart-investment-fund-token,,1,0,2017-09-29T19:29:27.000Z,2018-02-09T16:34:15.000Z,1027.0,Ethereum,ETH,ethereum,0x8a187d5285d316bcbc9adafc08b51d70a0d8e000,
400,8598,xSigma,SIG,xsigma,2194.0,1,1,2021-02-24T18:45:00.000Z,2022-10-28T09:55:00.000Z,1027.0,Ethereum,ETH,ethereum,0x7777777777697cfeecf846a76326da79cc606517,
401,2611,Spectiv,SIG,signal-token,,1,0,2018-03-25T21:54:21.000Z,2021-02-25T13:24:07.000Z,1027.0,Ethereum,ETH,ethereum,0x6888a16ea9792c15a4dcf2f6c623d055c8ede792,
402,1830,SkinCoin,SKIN,skincoin,2320.0,1,1,2017-07-21T15:49:17.000Z,2022-10-28T09:59:00.000Z,1027.0,Ethereum,ETH,ethereum,0x2bdc0d42996017fce214b21607a515da41a9e0c5,
403,6515,SKIN RICH,SKIN,skin-rich,,1,0,,,,,,,,
404,2277,SmartMesh,SMT,smartmesh,1200.0,1,1,2017-12-14T00:59:53.000Z,2022-10-28T09:59:00.000Z,1027.0,Ethereum,ETH,ethereum,0x55f93985431fc9304077687a35a1ba103dc1e081,
405,11821,Swarm Markets,SMT,swarm-markets,1714.0,1,1,2021-09-11T21:03:06.000Z,2022-10-28T09:58:00.000Z,1027.0,Ethereum,ETH,ethereum,0xb17548c7b510427baac4e267bea62e800b247173,
406,16402,Smart Marketing Token,SMT,smart-marketing-token,6042.0,1,1,2021-12-23T06:45:02.000Z,2022-10-28T09:55:00.000Z,1027.0,Ethereum,ETH,ethereum,0x76dbcba41e11784bfa95ce30e529fa533c3fa4ad,
407,4627,Smathium,SMT,smathium,,1,0,,,1027.0,Ethereum,ETH,ethereum,0x4b4787aace23eb70da046bcc0ccfe28d4e4fb899,
408,19528,Simeta,SMT,simeta,,1,0,,,1839.0,BNB,BNB,bnb,0xa363F972DBaEA97624E4B5FAAAcC5964c7F9745f,
409,20524,Moon Step,SMT,moon-step,,1,0,,,1839.0,BNB,BNB,bnb,0xE835E6a88De1Cc37cd8BdcDDdc5bd179cBe185eF,
410,1786,SunContract,SNC,suncontract,1027.0,1,1,2017-07-06T19:49:16.000Z,2022-10-28T09:59:00.000Z,1027.0,Ethereum,ETH,ethereum,0xF4134146AF2d511Dd5EA8cDB1C4AC88C57D60404,
411,1409,SingularDTV,SNGLS,singulardtv,,1,0,2016-10-03T16:49:35.000Z,2021-11-03T06:49:05.000Z,1027.0,Ethereum,ETH,ethereum,0xaec2e87e0a235266d9c5adc9deb4b2e29b54d009,
412,9931,SONM (BEP-20),SNM,sonm-bep20,723.0,1,1,2021-07-09T17:21:10.000Z,2022-10-28T09:56:00.000Z,1839.0,BNB,BNB,bnb,0x46d0DAc0926fa16707042CAdC23F1EB4141fe86B,
413,1723,SONM [ERC20],SNM,sonm,,1,0,2017-06-16T19:44:59.000Z,2021-07-09T09:14:08.000Z,1027.0,Ethereum,ETH,ethereum,0x983f6d60db79ea8ca4eb9968c6aff8cfa04b3c63,
414,1759,Status,SNT,status,196.0,1,1,2017-06-28T21:19:15.000Z,2022-10-28T09:59:00.000Z,1027.0,Ethereum,ETH,ethereum,0x744d70fdbe2ba4cf95131626614a1763df805b9e,
415,15399,Supernova Token,SNT,snt,6828.0,1,1,2021-12-01T02:33:05.000Z,2022-10-28T09:58:00.000Z,,,,,,
416,16374,Shib Ninja Token,SNT,shib-ninja-token,,1,0,2021-12-22T07:45:30.000Z,2022-05-24T18:15:00.000Z,1839.0,BNB,BNB,bnb,0x97329Bce201D86bbCBeebBB3B03256ABDF7b7De6,
417,19868,Share NFT Token,SNT,share-nft-token,,1,0,2022-04-29T10:41:00.000Z,2022-09-15T18:21:00.000Z,1839.0,BNB,BNB,bnb,0x6F3619D033fc96D322aACd22665461F040106a04,
418,2270,SportyCo,SPF,sportyco,,1,0,2017-12-13T05:09:45.000Z,2020-07-09T02:19:10.000Z,1027.0,Ethereum,ETH,ethereum,0x85089389c14bd9c77fc2b8f0c3d1dc3363bf06ef,
419,20374,spacefi,SPF,spacefi,,1,0,2022-06-02T04:18:00.000Z,2022-06-11T18:18:00.000Z,1027.0,Ethereum,ETH,ethereum,0xC69fC0C371Ff884fC41aFEAA04Ab99cD55333EF2,
420,2309,SophiaTX,SPHTX,sophiatx,,1,0,2017-12-26T03:34:18.000Z,2022-08-17T18:24:00.000Z,,,,,,
421,2313,SIRIN LABS Token,SRN,sirin-labs-token,1346.0,1,1,2017-12-28T05:09:17.000Z,2022-10-28T09:59:00.000Z,1027.0,Ethereum,ETH,ethereum,0x68d57c9a1c35f63e2c83ee8e49a64e9d70528d25,
422,5868,STATERA,STA,statera,1670.0,1,1,2020-07-19T18:34:23.000Z,2022-10-28T09:59:00.000Z,1027.0,Ethereum,ETH,ethereum,0xa7DE087329BFcda5639247F96140f9DAbe3DeED1,
423,14126,STOA Network,STA,defi-stoa,3316.0,1,1,2022-03-21T09:20:00.000Z,2022-10-28T09:55:00.000Z,1027.0,Ethereum,ETH,ethereum,0x06874f973dc3c96dc22a10ef0d0609f877f335ea,
424,21963,STA,STA,sta-token,3913.0,1,1,2022-09-27T12:58:00.000Z,2022-10-28T09:58:00.000Z,1839.0,BNB,BNB,bnb,0x4d1e90ab966ae26c778b2f9f365aa40abb13f53c,
425,6867,STABLE ASSET,STA,stable-asset,4348.0,1,1,2020-09-03T06:19:24.000Z,2022-10-28T09:59:00.000Z,1027.0,Ethereum,ETH,ethereum,0xd7d05bda4bf5876ba1254b3eaaf8b47d2f5676eb,
426,1290,Stakers,STA,stakers,,1,0,2016-06-26T19:39:29.000Z,2016-09-16T00:49:30.000Z,,,,,,
427,1819,Starta,STA,starta,,1,0,2017-07-18T19:04:17.000Z,2020-04-06T23:59:07.000Z,,,,,,
428,2565,StarterCoin,STAC,startercoin,2490.0,1,1,2018-03-08T01:19:20.000Z,2022-10-28T09:59:00.000Z,1027.0,Ethereum,ETH,ethereum,0x9a005c9a89bd72a4bd27721e7a09a3c11d2b03c4,
429,2295,Starbase,STAR,starbase,2068.0,1,1,2017-12-20T20:14:49.000Z,2022-10-28T09:59:00.000Z,1027.0,Ethereum,ETH,ethereum,0xf70a642bd387f94380ffb90451c2c81d4eb82cbc,
430,8593,FileStar,STAR,filestar,4305.0,1,1,2021-03-31T06:52:05.000Z,2022-10-28T09:57:00.000Z,,,,,,
431,19477,Speed Star STAR,STAR,speed-star-star,5116.0,1,1,2022-04-11T18:45:00.000Z,2022-10-28T09:55:00.000Z,3945.0,Harmony,ONE,harmony,0xB914e7A183AbCD46300584DA828f62A39516F33b,
432,6844,StarMesh,STAR,starmesh,,1,0,,,,,,,,
433,10728,Pornstar,STAR,pornstar,,1,0,2021-06-30T22:51:06.000Z,2021-10-11T09:46:06.000Z,1839.0,BNB,BNB,bnb,0x248C1e2b50C72F04704c71BcC953799351aB30a8,
434,21169,StarSwap,STAR,starswap,,1,0,,,12885.0,Astar,ASTR,astar,0x8489f4554790F5A103F2B0398537eAEe68B73884,
435,1772,Storj,STORJ,storj,149.0,1,1,2017-07-02T00:54:14.000Z,2022-10-28T09:59:00.000Z,1027.0,Ethereum,ETH,ethereum,0xb64ef51c888972c908cfacf59b47c1afbc0ab8ac,
436,11655,Storm Token,STORM,storm-token,5615.0,1,1,2021-09-06T06:18:06.000Z,2022-10-28T09:58:00.000Z,5805.0,Avalanche,AVAX,avalanche,0x6AFD5A1ea4b793CC1526d6Dc7e99A608b356eF7b,
437,2541,Storiqa,STQ,storiqa,,1,0,2018-03-14T15:19:20.000Z,2021-07-31T05:09:21.000Z,1027.0,Ethereum,ETH,ethereum,0x5c3a228510d246b78a3765c20221cbf3082b44a4,
438,2180,bitJob,STU,bitjob,,1,0,2017-11-15T19:14:32.000Z,2020-10-23T03:14:00.000Z,1027.0,Ethereum,ETH,ethereum,0x0371a82e4a9d0a4312f3ee2ac9c6958512891372,
439,4847,Stacks,STX,stacks,88.0,1,1,2019-10-28T16:09:10.000Z,2022-10-28T09:59:00.000Z,,,,,,
440,1861,Stox,STX,stox,1939.0,1,1,2017-08-05T04:35:03.000Z,2022-10-28T09:59:00.000Z,1027.0,Ethereum,ETH,ethereum,0x006BeA43Baa3f7A6f765F14f10A1a1b08334EF45,
441,937,StealthCash,STX,stealthcash,,1,0,2015-05-21T04:14:25.000Z,2015-08-01T15:14:28.000Z,,,,,,
442,20859,StaykX,STX,staykx,,1,0,,,52.0,XRP,XRP,xrp,rSTAYKxF2K77ZLZ8GoAwTqPGaphAqMyXV,
443,1984,Substratum,SUB,substratum,1798.0,1,1,2017-09-25T03:29:30.000Z,2022-10-28T09:59:00.000Z,1027.0,Ethereum,ETH,ethereum,0x8D75959f1E61EC2571aa72798237101F084DE63a,
444,11932,Subme,SUB,subme,2088.0,1,1,2021-09-16T21:45:07.000Z,2022-10-28T09:55:00.000Z,1839.0,BNB,BNB,bnb,0xfd290c590866f8282d89671a85ac9964b165d682,
445,1245,Subcriptio,SUB,subcriptio,,1,0,2016-05-04T00:04:46.000Z,2016-09-13T03:44:28.000Z,,,,,,
446,6845,Subsocial,SUB,subsocial,,1,0,,,,,,,,
447,1933,Suretly,SUR,suretly,,1,0,2017-08-30T02:10:16.000Z,2021-11-03T07:04:09.000Z,1027.0,Ethereum,ETH,ethereum,0xe120c1ecbfdfea7f0a8f0ee30063491e8c26fedf,
448,2382,Spectre.ai Utility Token,SXUT,spectre-utility,2322.0,1,1,2018-01-12T20:39:19.000Z,2022-10-28T09:59:00.000Z,1027.0,Ethereum,ETH,ethereum,0x2c82c73d5b34aa015989462b2948cd616a37641f,
449,1592,TaaS,TAAS,taas,,1,0,2017-03-30T21:24:43.000Z,2020-09-21T18:44:01.000Z,1027.0,Ethereum,ETH,ethereum,0xe7775a6e9bcf904eb39da2b68c5efb4f9360e08c,
450,2337,Lamden,TAU,lamden,1156.0,1,1,2018-01-08T20:04:21.000Z,2022-10-28T09:59:00.000Z,,,,,,
451,14048,Atlantis Metaverse,TAU,atlantis-metaverse,6586.0,1,1,2021-12-09T08:00:20.000Z,2022-10-28T09:55:00.000Z,1839.0,BNB,BNB,bnb,0x8632055b9CAeebEf7C7DccD95461608ca5378839,
452,2452,Tokenbox,TBX,tokenbox,2407.0,1,1,2018-01-24T02:04:27.000Z,2022-10-28T09:59:00.000Z,1027.0,Ethereum,ETH,ethereum,0x3a92bd396aef82af98ebc0aa9030d25a23b11c6b,
453,2394,Telcoin,TEL,telcoin,275.0,1,1,2018-01-15T00:19:18.000Z,2022-10-28T09:59:00.000Z,1027.0,Ethereum,ETH,ethereum,0x467bccd9d29f223bce8043b84e8c8b282827790f,
454,7098,ETF Dao,TFD,etf-dao,,1,0,2020-09-17T09:15:00.000Z,2021-06-14T09:59:02.000Z,,,,,,
455,1905,TFL.io,TFL,trueflip,,1,0,2017-08-23T02:10:00.000Z,2022-08-17T18:24:00.000Z,1027.0,Ethereum,ETH,ethereum,0xa7f976c360ebbed4465c2855684d1aae5271efa9,
456,16049,THORWallet DEX,TGT,thorwallet,4150.0,1,1,2021-12-21T22:42:12.000Z,2022-10-28T09:57:00.000Z,1027.0,Ethereum,ETH,ethereum,0x108a850856db3f85d0269a2693d896b394c80325,
457,1995,Target Coin,TGT,target-coin,,1,0,2017-09-29T01:04:36.000Z,2019-10-26T02:59:07.000Z,1027.0,Ethereum,ETH,ethereum,0xac3da587eac229c9896d919abc235ca4fd7f72c1,
458,4358,Twogap,TGT,twogap,,1,0,,,1027.0,Ethereum,ETH,ethereum,0xf96aa656ec0e0ac163590db372b430cf3c0d61ca,
459,2166,Ties.DB,TIE,tiesdb,,1,0,2017-11-09T23:04:29.000Z,2020-10-23T03:14:00.000Z,1027.0,Ethereum,ETH,ethereum,0x999967e2ec8a74b7c8e9db19e039d920b31d39d0,
460,1556,Chrono.tech,TIME,chrono-tech,395.0,1,1,2017-02-27T11:54:37.000Z,2022-10-28T09:59:00.000Z,1027.0,Ethereum,ETH,ethereum,0x485d17A6f1B8780392d53D64751824253011A260,
461,12436,Timeleap Finance,TIME,timeleap,7033.0,1,1,2021-10-07T08:06:03.000Z,2022-10-28T09:56:00.000Z,3890.0,Polygon,MATIC,polygon,0x5c59d7cb794471a9633391c4927ade06b8787a90,
462,6774,TimeMiner,TIME,timeminer,,1,0,2020-09-16T08:40:28.000Z,2021-01-27T06:45:06.000Z,1027.0,Ethereum,ETH,ethereum,0xa54c67bd320da4f9725a6f585b7635a0c09b122e,
463,2373,Trade Token,TIO,trade-token,,1,0,2018-01-12T17:54:18.000Z,2018-11-13T02:09:22.000Z,1027.0,Ethereum,ETH,ethereum,0x80bc5512561c7f85a3a9508c7df7901b370fa1df,
464,1873,Blocktix,TIX,blocktix,2504.0,1,1,2017-08-09T02:54:23.000Z,2022-10-28T09:59:00.000Z,1027.0,Ethereum,ETH,ethereum,0xea1f346faf023f974eb5adaf088bbcdf02d761f4,
465,59,Tickets,TIX,tickets,,1,0,2013-11-03T22:16:44.000Z,2017-10-21T08:34:01.000Z,,,,,,
466,1660,Monolith,TKN,monolith,1099.0,1,1,2017-05-07T14:04:49.000Z,2022-10-28T09:59:00.000Z,1027.0,Ethereum,ETH,ethereum,0xaaaf91d9b90df800df4f55c205fd6989c977e73a,
467,16109,TokoNFT,TKN,tokonft,8792.0,1,1,2021-12-16T03:30:18.000Z,2022-10-28T09:55:00.000Z,1839.0,BNB,BNB,bnb,0xA79A1B19f2367E80d1859273D16796E713cc87C2,
468,2235,Time New Bank,TNB,time-new-bank,1104.0,1,1,2017-11-27T20:34:43.000Z,2022-10-28T09:59:00.000Z,1027.0,Ethereum,ETH,ethereum,0xf7920b0768ecb20a123fac32311d07d193381d6f,
469,20176,Talent,TNT,talent,3847.0,1,1,2022-05-18T05:23:00.000Z,2022-10-28T09:58:00.000Z,1027.0,Ethereum,ETH,ethereum,0x6692de64716a177c15360d8d010bc522bbc530a0,
470,1923,Tierion,TNT,tierion,,1,0,2017-08-27T20:20:26.000Z,2021-05-13T00:34:11.000Z,,,,,,
471,2570,TomoChain,TOMO,tomochain,408.0,1,1,2018-03-08T22:34:20.000Z,2022-10-28T09:59:00.000Z,,,,,,
472,2627,TokenPay,TPAY,tokenpay,,1,0,2018-04-05T15:39:22.000Z,2022-06-12T18:19:00.000Z,,,,,,
473,2467,OriginTrail,TRAC,origintrail,292.0,1,1,2018-01-25T03:39:27.000Z,2022-10-28T09:59:00.000Z,1027.0,Ethereum,ETH,ethereum,0xaa7a9ca87d3694b5755f213b5d04094b8d0f0a6f,
474,1638,WeTrust,TRST,trust,1983.0,1,1,2017-04-20T21:59:47.000Z,2022-10-28T09:59:00.000Z,1027.0,Ethereum,ETH,ethereum,0xcb94be6f13a1182e4a4b6140cb7bf2025d28e41b,
475,2149,Unikoin Gold,UKG,unikoin-gold,,1,0,2017-11-06T01:49:29.000Z,2020-10-23T03:14:00.000Z,1027.0,Ethereum,ETH,ethereum,0x24692791bc444c5cd0b81e3cbcaba4b04acd1f3b,
476,2597,UpToken,UP,uptoken,2309.0,1,1,2018-03-21T01:24:21.000Z,2022-10-28T09:59:00.000Z,1027.0,Ethereum,ETH,ethereum,0x6ba460ab75cd2c56343b3517ffeba60748654d26,
477,7077,UniFi Protocol,UP,unifi-protocol,8099.0,1,1,2020-09-16T06:09:18.000Z,2022-10-28T09:59:00.000Z,,,,,,
478,19052,UpDeFi,UP,updefi,9074.0,1,1,2022-03-24T16:40:00.000Z,2022-10-28T09:55:00.000Z,1839.0,BNB,BNB,bnb,0xbAc79E308BadA146DE29f56E066a021cfFA00375,
479,22194,Upsorber,UP,upsorber,9404.0,1,1,2022-10-14T03:02:00.000Z,2022-10-28T09:57:00.000Z,2011.0,Tezos,XTZ,tezos,KT1TgmD7kXQzofpuc9VbTRMdZCS2e6JDuTtc,
480,18552,EverUp,UP,everup,,1,0,2022-03-03T14:02:00.000Z,2022-05-09T18:22:00.000Z,1839.0,BNB,BNB,bnb,0xe1d840c2cffb3a451682de7b4bdd111a8e6eadb0,
481,2273,Uquid Coin,UQC,uquid-coin,241.0,1,1,2017-12-13T05:04:49.000Z,2022-10-28T09:59:00.000Z,1027.0,Ethereum,ETH,ethereum,0x8806926ab68eb5a7b909dcaf6fdbe5d93271d6e2,
482,2320,Utrust,UTK,utrust,315.0,1,1,2017-12-29T19:44:18.000Z,2022-10-28T09:59:00.000Z,1027.0,Ethereum,ETH,ethereum,0xdc9Ac3C20D1ed0B540dF9b1feDC10039Df13F99c,
483,2524,Universa,UTNP,universa,,1,0,2018-02-15T22:54:20.000Z,2022-01-24T18:29:00.000Z,1027.0,Ethereum,ETH,ethereum,0x9e3319636e2126e3c0bc9e3134AEC5e1508A46c7,
484,2223,BLOCKv,VEE,blockv,738.0,1,1,2017-11-28T19:59:41.000Z,2022-10-28T09:59:00.000Z,1027.0,Ethereum,ETH,ethereum,0x340d2bde5eb28c1eed91b2f790723e3b160613b7,
485,11961,Vee Finance,VEE,vee-finance,3962.0,1,1,2021-09-18T17:15:07.000Z,2022-10-28T09:55:00.000Z,5805.0,Avalanche,AVAX,avalanche,0x3709E8615E02C15B096f8a9B460ccb8cA8194e86,
486,1710,Veritaseum,VERI,veritaseum,235.0,1,1,2017-06-08T15:04:58.000Z,2022-10-28T09:59:00.000Z,1027.0,Ethereum,ETH,ethereum,0x8f3470A7388c05eE4e7AF3d01D8C722b0FF52374,
487,2019,Viberate,VIB,viberate,672.0,1,1,2017-10-06T17:24:25.000Z,2022-10-28T09:59:00.000Z,1027.0,Ethereum,ETH,ethereum,0x2c974b2d0ba1716e644c1fc59982a89ddd2ff724,
488,1483,vSlice,VSL,vslice,,1,0,2016-12-19T21:49:39.000Z,2021-07-29T10:39:06.000Z,1027.0,Ethereum,ETH,ethereum,0x5c543e7ae0a1104f78406c340e9c64fd9fce5170,
489,2384,Vezt,VZT,vezt,,1,0,2018-01-12T20:39:19.000Z,2020-07-07T23:59:06.000Z,,,,,,
490,2267,Wabi,WABI,wabi,726.0,1,1,2017-12-12T17:15:11.000Z,2022-10-28T09:59:00.000Z,1027.0,Ethereum,ETH,ethereum,0x286bda1413a2df81731d4930ce2f862a35a609fe,
491,1274,Waves,WAVES,waves,99.0,1,1,2016-06-02T21:14:30.000Z,2022-10-28T09:59:00.000Z,,,,,,
492,18905,Playground Waves Floor Index,WAVES,playground-waves-floor-index,,1,0,,,5426.0,Solana,SOL,solana,4uRn7vxRPWYP4HuAa4UNXwEPLRL8oQ71YByMhr6yBnL4,
493,1779,Wagerr,WGR,wagerr,1275.0,1,1,2017-07-05T00:54:20.000Z,2022-10-28T09:59:00.000Z,,,,,,
494,1500,Wings,WINGS,wings,1758.0,1,1,2017-01-11T15:04:34.000Z,2022-10-28T09:59:00.000Z,1027.0,Ethereum,ETH,ethereum,0x667088b212ce3d06a1b553a7221E1fD19000d9aF,
495,10810,Jetswap.finance,WINGS,jetswap-finance,8321.0,1,1,2021-07-14T03:31:07.000Z,2022-10-28T09:56:00.000Z,1839.0,BNB,BNB,bnb,0x0487b824c8261462f88940f97053e65bdb498446,
496,1940,Giga Watt Token,WTT,giga-watt-token,,1,0,2017-09-02T18:05:12.000Z,2018-03-28T01:19:13.000Z,1027.0,Ethereum,ETH,ethereum,0x84119cb33e8f590d75c2d6ea4e6b0741a7494eda,
497,1319,International Diamond,XID,international-diamond,,1,0,2016-07-21T17:10:57.000Z,2018-04-28T16:09:09.000Z,,,,,,
498,1795,Sphere Identity,XID,sphere-identity,,1,0,2017-07-11T00:09:48.000Z,2019-03-07T23:59:02.000Z,1027.0,Ethereum,ETH,ethereum,0xb110ec7b1dcb8fab8dedbf28f53bc63ea5bedd84,
499,1968,XPA,XPA,xpa,2345.0,1,1,2017-09-19T02:59:54.000Z,2022-10-28T09:59:00.000Z,1027.0,Ethereum,ETH,ethereum,0x90528aeb3a2b736b780fd1b6c478bb7e1d643170,
500,1812,Rialto,XRL,rialto,,1,0,2017-07-15T20:54:17.000Z,2019-02-08T18:29:02.000Z,1027.0,Ethereum,ETH,ethereum,0xb24754be79281553dc1adc160ddf5cd9b74361a4,
501,2011,Tezos,XTZ,tezos,42.0,1,1,2017-10-02T15:59:43.000Z,2022-10-28T09:59:00.000Z,,,,,,
502,1695,ZenGold,ZENGOLD,zengold,,1,0,2017-05-30T21:44:52.000Z,2019-04-18T23:59:02.000Z,,,,,,
503,835,ZiftrCOIN,ZRC,ziftrcoin,,1,0,2015-03-04T00:54:26.000Z,2017-03-18T10:49:16.000Z,,,,,,
504,1726,ZrCoin,ZRC,zrcoin,,1,0,2017-06-16T20:10:01.000Z,2022-02-05T18:24:00.000Z,,,,,,
505,1896,0x,ZRX,0x,129.0,1,1,2017-08-16T14:09:21.000Z,2022-10-28T09:59:00.000Z,1027.0,Ethereum,ETH,ethereum,0xe41d2489571d322189246dafa5ebde1f4699f498,
